open_time,open,high,low,close,volume,amount
2026-04-21 04:05:00+00:00,75726.07,75726.08,75645.45,75645.45,10.97892,830839.76253
2026-04-21 04:10:00+00:00,75645.45,75662.16,75611.05,75611.05,8.73432,660712.0590514
2026-04-21 04:15:00+00:00,75611.05,75663.78,75600.0,75600.01,22.24389,1682413.7546644
2026-04-21 04:20:00+00:00,75600.0,75652.58,75600.0,75644.91,15.31222,1157983.7295271
2026-04-21 04:25:00+00:00,75644.91,75712.89,75632.43,75633.63,18.67039,1412795.0426187
2026-04-21 04:30:00+00:00,75633.63,75673.3,75623.2,75623.2,25.10118,1899005.2815872
2026-04-21 04:35:00+00:00,75623.21,75729.46,75623.21,75704.29,31.98663,2421376.1246017
2026-04-21 04:40:00+00:00,75704.29,75712.0,75650.0,75711.19,26.6401,2016183.1250029
2026-04-21 04:45:00+00:00,75711.19,75733.29,75689.91,75721.12,19.97802,1512685.1359789
2026-04-21 04:50:00+00:00,75721.13,75790.02,75721.12,75753.74,15.82577,1198952.4421019
2026-04-21 04:55:00+00:00,75753.74,75823.49,75749.99,75813.81,28.31099,2145944.3062112
2026-04-21 05:00:00+00:00,75813.8,75852.0,75804.0,75846.69,18.05065,1368683.4464799
2026-04-21 05:05:00+00:00,75846.68,75970.68,75842.3,75931.81,40.33343,3061461.9297588
2026-04-21 05:10:00+00:00,75931.81,75931.81,75867.52,75900.0,18.15156,1377618.4000734
2026-04-21 05:15:00+00:00,75900.0,75922.6,75870.93,75879.75,19.7069,1495454.8399133
2026-04-21 05:20:00+00:00,75879.74,75975.61,75879.74,75970.13,73.30277,5565755.2919181
2026-04-21 05:25:00+00:00,75970.13,75981.1,75850.0,75892.42,44.47005,3376470.9347467
2026-04-21 05:30:00+00:00,75892.41,75892.42,75829.79,75859.81,11.41673,866065.4087936
2026-04-21 05:35:00+00:00,75859.8,75879.32,75834.81,75834.82,9.95671,755338.1995583
2026-04-21 05:40:00+00:00,75834.82,75864.28,75834.82,75841.62,15.40797,1168745.5723396
2026-04-21 05:45:00+00:00,75841.62,75841.62,75782.75,75809.12,28.17588,2136049.674112
2026-04-21 05:50:00+00:00,75809.13,75829.77,75783.55,75829.77,18.04045,1367565.9890921
2026-04-21 05:55:00+00:00,75829.76,75829.77,75798.18,75802.0,24.52548,1859443.0341289
2026-04-21 06:00:00+00:00,75802.0,75817.54,75734.15,75754.27,25.43231,1926940.6962479
2026-04-21 06:05:00+00:00,75754.28,75781.81,75750.0,75766.72,19.32428,1464199.0926593
2026-04-21 06:10:00+00:00,75766.72,75789.0,75758.17,75788.54,16.71377,1266416.0079893
2026-04-21 06:15:00+00:00,75788.53,75800.06,75743.37,75743.38,52.00466,3941504.441702
2026-04-21 06:20:00+00:00,75743.38,75765.44,75703.85,75724.0,22.24609,1684865.0228925
2026-04-21 06:25:00+00:00,75724.0,75766.53,75722.6,75760.41,16.49257,1249315.8694937
2026-04-21 06:30:00+00:00,75760.41,76070.0,75760.41,76066.69,127.64899,9702712.776401
2026-04-21 06:35:00+00:00,76066.7,76129.95,76001.59,76031.71,49.02627,3729192.0393688
2026-04-21 06:40:00+00:00,76031.7,76058.27,75992.06,75992.06,20.12302,1529940.917791
2026-04-21 06:45:00+00:00,75992.07,76045.71,75991.37,76037.71,17.33171,1317484.3440111
2026-04-21 06:50:00+00:00,76037.7,76037.78,75971.46,75974.99,16.50847,1254716.6151706
2026-04-21 06:55:00+00:00,75974.99,75999.26,75964.29,75974.11,26.02125,1977258.1634995
2026-04-21 07:00:00+00:00,75974.12,75982.13,75814.26,75888.93,25.5272,1937539.4509015
2026-04-21 07:05:00+00:00,75888.93,75904.37,75867.16,75900.11,14.01447,1063551.1872701
2026-04-21 07:10:00+00:00,75900.12,75974.12,75900.12,75955.87,22.74282,1727062.8824519
2026-04-21 07:15:00+00:00,75955.88,76056.93,75938.0,76056.93,20.08853,1526602.3978522
2026-04-21 07:20:00+00:00,76056.94,76138.08,76052.82,76138.08,38.60295,2937463.4117156
2026-04-21 07:25:00+00:00,76138.08,76300.0,76138.08,76179.82,67.55273,5148441.4367696
2026-04-21 07:30:00+00:00,76179.82,76236.78,76028.7,76109.33,220.30242,16763295.4689392
2026-04-21 07:35:00+00:00,76109.34,76232.16,76109.33,76171.65,292.86785,22309851.8386942
2026-04-21 07:40:00+00:00,76171.65,76300.0,76171.65,76194.84,131.25615,10004366.7113128
2026-04-21 07:45:00+00:00,76194.84,76222.3,76131.93,76222.27,162.08138,12344695.5326338
2026-04-21 07:50:00+00:00,76222.26,76293.36,76116.0,76117.29,110.5877,8426419.9258261
2026-04-21 07:55:00+00:00,76117.28,76132.05,76084.33,76084.34,131.10028,9976793.6179383
2026-04-21 08:00:00+00:00,76084.34,76168.18,76063.98,76144.11,52.86529,4024014.1562271
2026-04-21 08:05:00+00:00,76144.11,76211.79,76107.62,76162.69,42.18646,3212999.7928303
2026-04-21 08:10:00+00:00,76162.69,76184.86,76088.5,76132.47,43.2433,3292506.1105549
2026-04-21 08:15:00+00:00,76132.46,76212.0,76115.62,76211.99,40.63101,3095070.4452882
2026-04-21 08:20:00+00:00,76212.0,76368.0,76211.99,76332.1,83.09203,6341408.8974757
2026-04-21 08:25:00+00:00,76332.11,76370.0,76300.0,76352.16,36.65085,2797981.6693124
2026-04-21 08:30:00+00:00,76352.15,76353.92,76265.14,76321.46,49.78144,3798966.9784458
2026-04-21 08:35:00+00:00,76321.47,76341.66,76250.0,76341.66,49.43535,3771988.9351574
2026-04-21 08:40:00+00:00,76341.66,76496.68,76324.2,76458.78,63.90683,4883992.6515095
2026-04-21 08:45:00+00:00,76458.78,76927.57,76419.87,76659.01,337.96179,25930493.3846207
2026-04-21 08:50:00+00:00,76659.02,76665.61,76534.95,76538.26,67.54661,5173388.4811165
2026-04-21 08:55:00+00:00,76538.26,76538.26,76454.84,76507.21,47.93687,3667491.451367
2026-04-21 09:00:00+00:00,76507.21,76587.82,76385.31,76400.95,108.48081,8295282.8026467
2026-04-21 09:05:00+00:00,76400.94,76440.01,76349.82,76418.89,41.07489,3138183.0701619
2026-04-21 09:10:00+00:00,76418.88,76484.41,76412.38,76476.68,22.04709,1685604.8192833
2026-04-21 09:15:00+00:00,76476.69,76531.0,76476.68,76509.19,23.99965,1836165.9774444
2026-04-21 09:20:00+00:00,76509.2,76530.99,76412.8,76412.8,27.90993,2134501.0847669
2026-04-21 09:25:00+00:00,76412.81,76412.81,76196.05,76246.75,92.26451,7038733.1206485
2026-04-21 09:30:00+00:00,76246.76,76283.97,76200.01,76200.01,74.50791,5680026.6552167
2026-04-21 09:35:00+00:00,76200.01,76272.98,76155.0,76268.75,67.78413,5164975.9986837
2026-04-21 09:40:00+00:00,76268.76,76322.27,76268.76,76301.26,28.87182,2202732.6716139
2026-04-21 09:45:00+00:00,76301.25,76329.84,76250.0,76296.48,28.29378,2158383.0632572
2026-04-21 09:50:00+00:00,76296.49,76354.16,76275.01,76312.4,26.30888,2007918.2427696
2026-04-21 09:55:00+00:00,76312.41,76381.61,76312.41,76362.77,41.12897,3140031.2343833
2026-04-21 10:00:00+00:00,76362.78,76417.56,76349.59,76417.06,25.15542,1921543.6077559
2026-04-21 10:05:00+00:00,76417.07,76502.72,76399.4,76470.0,46.62119,3564485.5712964
2026-04-21 10:10:00+00:00,76470.01,76470.01,76386.55,76438.0,22.31665,1705463.9052849
2026-04-21 10:15:00+00:00,76437.99,76530.0,76373.03,76476.12,88.13924,6737806.552546
2026-04-21 10:20:00+00:00,76476.12,76574.0,76435.73,76572.0,31.56271,2414718.8646468
2026-04-21 10:25:00+00:00,76572.0,76572.0,76502.94,76511.72,31.25401,2391899.409545
2026-04-21 10:30:00+00:00,76511.73,76543.44,76496.2,76528.0,18.16574,1390067.6009578
2026-04-21 10:35:00+00:00,76527.99,76553.14,76527.99,76533.8,18.39167,1407701.8119501
2026-04-21 10:40:00+00:00,76533.8,76598.56,76471.27,76572.11,28.81228,2204845.4117786
2026-04-21 10:45:00+00:00,76572.1,76734.68,76550.86,76730.49,95.00727,7282608.9955242
2026-04-21 10:50:00+00:00,76730.49,76866.55,76730.49,76834.01,98.09065,7532583.3525768
2026-04-21 10:55:00+00:00,76834.0,76866.55,76746.41,76746.41,32.8256,2520873.109142
2026-04-21 11:00:00+00:00,76746.41,76750.68,76660.58,76689.25,40.70804,3122508.070348
2026-04-21 11:05:00+00:00,76689.25,76704.5,76593.06,76642.96,63.32556,4854175.0354174
2026-04-21 11:10:00+00:00,76642.96,76645.82,76344.34,76405.37,180.45994,13796606.2927706
2026-04-21 11:15:00+00:00,76405.37,76511.33,76342.0,76511.33,38.86934,2971440.1680002
2026-04-21 11:20:00+00:00,76511.33,76723.87,76502.46,76695.17,50.60929,3876929.801062
2026-04-21 11:25:00+00:00,76689.87,76689.88,76610.85,76669.07,21.32614,1634657.7145311
2026-04-21 11:30:00+00:00,76669.07,76691.98,76579.63,76579.64,21.16593,1622303.0564099
2026-04-21 11:35:00+00:00,76579.64,76623.09,76552.41,76602.0,48.14792,3687350.6774657
2026-04-21 11:40:00+00:00,76602.0,76609.94,76468.24,76473.9,59.47564,4551531.9101595
2026-04-21 11:45:00+00:00,76473.9,76485.25,76446.35,76456.21,54.59115,4173919.0625108
2026-04-21 11:50:00+00:00,76456.2,76491.6,76446.23,76446.24,21.14232,1616686.2942934
2026-04-21 11:55:00+00:00,76446.24,76482.99,76417.16,76452.94,25.12157,1920671.2250342
2026-04-21 12:00:00+00:00,76452.94,76494.11,76356.0,76400.01,71.55027,5468202.8333539
2026-04-21 12:05:00+00:00,76400.0,76463.36,76383.69,76439.46,36.92673,2821679.1884378
2026-04-21 12:10:00+00:00,76439.47,76439.47,76258.76,76258.76,57.75876,4409295.9210232
2026-04-21 12:15:00+00:00,76258.76,76331.95,76247.09,76330.39,40.8738,3117876.7821099
2026-04-21 12:20:00+00:00,76330.39,76368.89,76300.0,76313.3,19.99669,1526444.2348292
2026-04-21 12:25:00+00:00,76313.31,76386.59,76313.3,76381.19,20.63454,1575536.3053857
2026-04-21 12:30:00+00:00,76381.2,76517.36,76317.48,76506.0,30.7536,2350213.9870939
2026-04-21 12:35:00+00:00,76506.01,76528.11,76100.0,76128.79,65.15794,4969796.4565119
2026-04-21 12:40:00+00:00,76128.79,76150.08,75709.03,75829.94,476.73972,36211412.9751975
2026-04-21 12:45:00+00:00,75829.95,75910.63,75745.13,75780.92,100.16658,7596255.6234295
2026-04-21 12:50:00+00:00,75780.92,75955.07,75767.86,75955.07,71.69776,5438650.2451118
2026-04-21 12:55:00+00:00,75955.07,76059.79,75955.06,76009.46,47.52876,3612100.8621296
2026-04-21 13:00:00+00:00,76009.46,76088.52,75912.9,75926.16,83.95664,6383738.8273445
2026-04-21 13:05:00+00:00,75926.15,76050.0,75900.0,75995.63,33.19327,2522152.7179627
2026-04-21 13:10:00+00:00,75995.63,76022.59,75963.16,75991.69,28.51048,2166711.2681721
2026-04-21 13:15:00+00:00,75991.39,76068.79,75970.0,76036.02,25.64377,1949859.3732994
2026-04-21 13:20:00+00:00,76036.01,76059.12,75996.39,76054.0,71.59546,5443287.2029092
2026-04-21 13:25:00+00:00,76054.0,76129.95,76007.22,76029.46,75.52509,5746932.0503804
2026-04-21 13:30:00+00:00,76029.46,76029.46,75865.7,75906.34,78.79532,5983160.6760802
2026-04-21 13:35:00+00:00,75906.33,75963.63,75777.13,75788.77,57.3175,4347583.5359022
2026-04-21 13:40:00+00:00,75788.78,76179.75,75736.33,76012.01,72.07394,5477015.1795511
2026-04-21 13:45:00+00:00,76012.0,76053.99,75850.41,75876.9,53.60776,4069348.7668044
2026-04-21 13:50:00+00:00,75876.91,75907.88,75770.65,75808.36,42.61401,3231337.3496313
2026-04-21 13:55:00+00:00,75808.37,75950.0,75808.37,75899.98,63.25169,4801511.8059628
2026-04-21 14:00:00+00:00,75899.98,75933.37,75700.0,75841.4,80.6381,6112860.774496
2026-04-21 14:05:00+00:00,75841.39,75880.63,75726.0,75875.28,33.31787,2525833.9688339
2026-04-21 14:10:00+00:00,75875.28,75877.15,75759.39,75838.23,26.24924,1990416.0046528
2026-04-21 14:15:00+00:00,75838.24,76300.73,75838.24,76178.83,129.50094,9861471.9443638
2026-04-21 14:20:00+00:00,76178.83,76251.98,76063.98,76112.68,50.80364,3869498.5790507
2026-04-21 14:25:00+00:00,76112.67,76202.0,76088.57,76117.39,24.98786,1902562.2967422
2026-04-21 14:30:00+00:00,76117.38,76251.34,76110.29,76212.59,34.41715,2621436.6736872
2026-04-21 14:35:00+00:00,76212.59,76373.56,76203.27,76314.77,52.82788,4030351.4829498
2026-04-21 14:40:00+00:00,76314.77,76595.3,76285.41,76463.52,158.66061,12127754.7454388
2026-04-21 14:45:00+00:00,76463.51,76472.85,76187.23,76222.61,70.54225,5382086.9849913
2026-04-21 14:50:00+00:00,76222.6,76268.79,76149.78,76149.78,38.56272,2938364.8783138
2026-04-21 14:55:00+00:00,76149.78,76149.78,75625.28,75675.05,248.70585,18857191.6096962
2026-04-21 15:00:00+00:00,75675.04,75799.84,75430.62,75676.3,207.02172,15657082.9741662
2026-04-21 15:05:00+00:00,75676.3,75759.8,75549.84,75719.25,94.7233,7167402.6649403
2026-04-21 15:10:00+00:00,75719.25,75850.0,75710.0,75771.19,62.63781,4746556.7998056
2026-04-21 15:15:00+00:00,75771.18,75979.78,75754.16,75979.01,71.60457,5431985.906518
2026-04-21 15:20:00+00:00,75979.01,75979.02,75746.15,75766.7,72.8281,5524828.8870287
2026-04-21 15:25:00+00:00,75766.7,75766.7,75594.0,75694.9,53.58011,4055141.8577527
2026-04-21 15:30:00+00:00,75694.9,75770.98,75622.43,75653.2,46.47228,3517653.090841
2026-04-21 15:35:00+00:00,75653.2,75771.97,75529.98,75771.97,148.44102,11220952.7266275
2026-04-21 15:40:00+00:00,75772.0,75820.19,75657.89,75701.5,34.70872,2628333.2079759
2026-04-21 15:45:00+00:00,75701.5,75810.54,75668.16,75755.98,44.04719,3336164.7201323
2026-04-21 15:50:00+00:00,75755.98,75763.15,75681.23,75681.24,50.02611,3788342.9873485
2026-04-21 15:55:00+00:00,75681.24,75834.66,75620.0,75834.65,37.77058,2861416.8224903
2026-04-21 16:00:00+00:00,75834.66,76001.0,75831.99,75855.11,93.90653,7128810.6123042
2026-04-21 16:05:00+00:00,75855.11,75959.37,75822.71,75959.37,33.1189,2513087.2053152
2026-04-21 16:10:00+00:00,75959.38,75966.98,75850.0,75960.96,22.97234,1743586.635276
2026-04-21 16:15:00+00:00,75960.97,75985.89,75846.0,75969.07,34.88497,2648751.360752
2026-04-21 16:20:00+00:00,75969.06,75972.83,75854.87,75891.62,39.41383,2992176.3243377
2026-04-21 16:25:00+00:00,75891.62,75986.36,75861.28,75863.67,40.20914,3052699.984626
2026-04-21 16:30:00+00:00,75863.67,76087.33,75845.22,76087.33,33.05863,2511913.4199291
2026-04-21 16:35:00+00:00,76087.34,76190.72,75989.15,76029.05,71.53854,5444523.7482143
2026-04-21 16:40:00+00:00,76029.06,76106.78,75871.36,75891.52,31.45711,2390131.4332861
2026-04-21 16:45:00+00:00,75891.52,76046.0,75889.17,76046.0,31.38808,2384540.3203759
2026-04-21 16:50:00+00:00,76045.99,76045.99,75918.0,75930.43,31.9763,2428967.1777107
2026-04-21 16:55:00+00:00,75930.43,75933.53,75760.0,75781.18,32.40627,2458358.0490203
2026-04-21 17:00:00+00:00,75781.19,75822.38,75722.41,75742.38,38.83993,2942759.5260563
2026-04-21 17:05:00+00:00,75742.39,75742.39,75551.79,75651.0,86.55467,6545602.7713327
2026-04-21 17:10:00+00:00,75651.0,75651.0,75441.2,75540.23,94.87522,7164434.0538203
2026-04-21 17:15:00+00:00,75540.24,75549.42,75097.48,75101.3,172.64936,12996297.9743995
2026-04-21 17:20:00+00:00,75101.29,75365.41,75052.64,75303.61,121.18908,9119061.8015972
2026-04-21 17:25:00+00:00,75303.6,75382.1,75205.82,75332.73,62.71203,4722237.5554297
2026-04-21 17:30:00+00:00,75332.73,75374.82,75273.66,75334.2,52.66497,3966988.9523251
2026-04-21 17:35:00+00:00,75334.19,75692.0,75273.03,75597.21,130.51897,9856820.3351762
2026-04-21 17:40:00+00:00,75597.51,75912.98,75589.03,75768.03,123.00981,9320148.7622866
2026-04-21 17:45:00+00:00,75768.02,75793.07,75642.85,75713.46,48.52686,3672980.7591148
2026-04-21 17:50:00+00:00,75713.46,75820.0,75608.89,75617.57,24.31192,1841288.0717536
2026-04-21 17:55:00+00:00,75617.57,75617.58,75506.95,75545.62,39.23178,2963784.6040209
2026-04-21 18:00:00+00:00,75545.62,75639.52,75520.0,75571.37,48.09355,3635493.8254512
2026-04-21 18:05:00+00:00,75571.37,75637.86,75546.4,75592.75,18.03985,1363829.7746175
2026-04-21 18:10:00+00:00,75592.74,75603.82,75495.55,75582.15,17.49524,1321989.8400493
2026-04-21 18:15:00+00:00,75582.15,75668.24,75437.9,75469.31,120.33057,9088908.9198998
2026-04-21 18:20:00+00:00,75469.32,75513.26,75412.0,75450.01,20.02322,1510820.4880661
2026-04-21 18:25:00+00:00,75450.01,75485.2,75380.0,75475.53,32.56824,2456793.2432607
2026-04-21 18:30:00+00:00,75475.53,75599.26,75475.52,75576.17,19.99143,1510195.3267058
2026-04-21 18:35:00+00:00,75576.16,75583.13,75470.93,75533.72,17.9734,1357744.0941214
2026-04-21 18:40:00+00:00,75533.72,75540.69,75470.0,75524.79,12.80607,967056.5387934
2026-04-21 18:45:00+00:00,75524.78,75560.79,75392.17,75392.17,33.12618,2500702.1675808
2026-04-21 18:50:00+00:00,75392.17,75545.31,75310.88,75506.9,70.34823,5305428.1938072
2026-04-21 18:55:00+00:00,75506.89,75639.46,75464.49,75610.21,45.67457,3451328.7825358
2026-04-21 19:00:00+00:00,75610.21,75745.12,75607.23,75739.12,38.91696,2946215.3128082
2026-04-21 19:05:00+00:00,75739.11,75795.79,75692.03,75692.04,56.15632,4253258.2888275
2026-04-21 19:10:00+00:00,75692.04,75766.55,75567.06,75607.58,75.25803,5697600.7671492
2026-04-21 19:15:00+00:00,75607.58,75685.87,75540.0,75609.64,54.93078,4153751.9437416
2026-04-21 19:20:00+00:00,75609.64,75860.0,75609.64,75832.43,44.4515,3367046.2534562
2026-04-21 19:25:00+00:00,75832.42,75919.5,75762.53,75773.73,35.92062,2724853.6644874
2026-04-21 19:30:00+00:00,75773.74,75786.45,75572.84,75572.85,26.31903,1992326.1134673
2026-04-21 19:35:00+00:00,75572.84,75572.84,75182.0,75255.19,121.69866,9169662.7002864
2026-04-21 19:40:00+00:00,75255.2,75255.2,74823.0,74866.0,274.29594,20571398.4665117
2026-04-21 19:45:00+00:00,74866.01,75032.97,74821.57,75010.08,75.58981,5665063.4184802
2026-04-21 19:50:00+00:00,75010.08,75093.72,74907.38,74955.11,77.44807,5807322.8068556
2026-04-21 19:55:00+00:00,74955.12,75039.08,74947.47,75023.43,73.28188,5495453.7153257
2026-04-21 20:00:00+00:00,75023.43,75187.3,74994.04,75108.31,112.06834,8418841.6166584
2026-04-21 20:05:00+00:00,75108.3,75423.53,74967.58,75358.75,154.91094,11648238.4900806
2026-04-21 20:10:00+00:00,75358.74,75614.29,75312.01,75576.01,195.72748,14779700.9737797
2026-04-21 20:15:00+00:00,75576.0,75630.1,75451.37,75516.01,52.67168,3979142.5514661
2026-04-21 20:20:00+00:00,75516.01,75650.0,75516.0,75628.32,34.19228,2584395.5852078
2026-04-21 20:25:00+00:00,75628.33,75779.99,75628.33,75646.81,80.42887,6089049.4669772
2026-04-21 20:30:00+00:00,75646.8,75859.56,75646.8,75797.09,43.35972,3286065.3732144
2026-04-21 20:35:00+00:00,75797.09,75837.22,75679.62,75755.14,48.02206,3637869.1009156
2026-04-21 20:40:00+00:00,75755.14,75755.14,75666.65,75667.13,20.37144,1541918.8102178
2026-04-21 20:45:00+00:00,75667.12,75732.33,75583.3,75732.33,20.27635,1533773.7249554
2026-04-21 20:50:00+00:00,75732.33,75750.0,75670.09,75709.86,14.25892,1079477.6242846
2026-04-21 20:55:00+00:00,75709.87,75771.0,75695.55,75698.51,20.96895,1587797.2129018
2026-04-21 21:00:00+00:00,75698.51,75777.38,75650.02,75707.99,21.36351,1617444.4604385
2026-04-21 21:05:00+00:00,75707.99,75714.83,75624.99,75625.0,15.28621,1156565.0341918
2026-04-21 21:10:00+00:00,75624.99,75625.0,75535.47,75578.0,27.84124,2103733.1463662
2026-04-21 21:15:00+00:00,75578.01,75608.88,75558.0,75578.58,10.37972,784536.58315
2026-04-21 21:20:00+00:00,75578.58,75673.16,75578.57,75608.62,15.49534,1171965.8947868
2026-04-21 21:25:00+00:00,75608.63,75622.06,75550.11,75577.84,23.77766,1797537.4576597
2026-04-21 21:30:00+00:00,75577.84,75585.0,75573.54,75584.99,15.8275,1196218.7000445
2026-04-21 21:35:00+00:00,75584.99,75628.0,75573.48,75604.56,15.92374,1203905.2501659
2026-04-21 21:40:00+00:00,75604.56,75625.04,75449.95,75452.81,36.50335,2756306.4022886
2026-04-21 21:45:00+00:00,75452.8,75533.79,75431.62,75514.01,34.63425,2614598.4195228
2026-04-21 21:50:00+00:00,75514.01,75540.0,75514.0,75539.99,13.70368,1035054.903377
2026-04-21 21:55:00+00:00,75540.0,75585.88,75522.93,75549.99,18.64035,1408288.6151883
2026-04-21 22:00:00+00:00,75549.99,75594.0,75510.0,75534.85,39.91843,3015902.6436816
2026-04-21 22:05:00+00:00,75534.08,75570.13,75490.0,75503.31,69.02415,5212841.3060074
2026-04-21 22:10:00+00:00,75503.12,75571.45,75500.0,75550.74,27.71308,2093428.4340599
2026-04-21 22:15:00+00:00,75550.74,75550.74,75321.49,75321.5,63.7069,4805037.9717186
2026-04-21 22:20:00+00:00,75321.51,75414.78,75302.31,75363.98,36.2993,2735780.6425301
2026-04-21 22:25:00+00:00,75363.99,75382.36,75341.34,75368.0,14.68826,1107020.5541873
2026-04-21 22:30:00+00:00,75367.99,75402.13,75302.01,75376.84,18.6902,1408554.1043543
2026-04-21 22:35:00+00:00,75376.83,75434.88,75366.82,75386.83,54.62138,4118906.1613016
2026-04-21 22:40:00+00:00,75386.83,75540.85,75379.8,75527.96,16.18716,1221468.0182737
2026-04-21 22:45:00+00:00,75527.43,75550.0,75489.63,75489.64,12.89972,974304.8917249
2026-04-21 22:50:00+00:00,75489.63,75576.36,75489.63,75574.41,11.28923,852848.5617554
2026-04-21 22:55:00+00:00,75574.41,75650.04,75574.41,75650.04,24.25607,1834079.4020925
2026-04-21 23:00:00+00:00,75650.03,75796.7,75622.0,75757.37,41.44742,3137870.2445106
2026-04-21 23:05:00+00:00,75757.36,75857.82,75757.36,75850.99,33.98356,2576849.1682838
2026-04-21 23:10:00+00:00,75850.98,75850.98,75726.9,75775.05,14.19038,1075333.6246872
2026-04-21 23:15:00+00:00,75775.05,75868.91,75754.74,75835.06,10.96521,831339.3609261
2026-04-21 23:20:00+00:00,75835.05,75847.17,75782.0,75824.14,23.90585,1812270.6583448
2026-04-21 23:25:00+00:00,75824.15,75824.15,75760.0,75787.26,14.59009,1105688.8899982
2026-04-21 23:30:00+00:00,75787.25,75836.08,75780.96,75835.99,25.01605,1896288.7366117
2026-04-21 23:35:00+00:00,75836.0,75974.23,75835.99,75974.23,22.96064,1742678.4209345
2026-04-21 23:40:00+00:00,75974.22,76111.88,75931.45,76083.62,70.37471,5350516.8812225
2026-04-21 23:45:00+00:00,76083.62,76406.91,76077.55,76360.51,148.33922,11317201.9761536
2026-04-21 23:50:00+00:00,76360.51,76425.37,76300.0,76341.37,49.04917,3744835.3156722
2026-04-21 23:55:00+00:00,76341.36,76349.19,76314.26,76336.15,22.30867,1702850.9388945
2026-04-22 00:00:00+00:00,76336.14,76414.13,76311.99,76311.99,106.39589,8122828.2137545
2026-04-22 00:05:00+00:00,76312.0,76500.0,76311.99,76450.0,98.82243,7549627.3951449
2026-04-22 00:10:00+00:00,76450.01,76450.01,76319.31,76417.85,39.01902,2979767.1430495
2026-04-22 00:15:00+00:00,76417.85,76417.85,76278.53,76368.74,41.90658,3199768.9351338
2026-04-22 00:20:00+00:00,76368.73,76439.29,76287.31,76287.32,24.58765,1877557.5525654
2026-04-22 00:25:00+00:00,76287.32,76325.43,76242.8,76274.01,30.66401,2338870.5318193
2026-04-22 00:30:00+00:00,76274.0,76310.0,76252.6,76254.16,16.78933,1280838.5194292
2026-04-22 00:35:00+00:00,76254.16,76338.33,76220.4,76338.33,41.85064,3191669.4669901
2026-04-22 00:40:00+00:00,76338.33,76400.0,76301.76,76338.0,16.34428,1247700.0548207
2026-04-22 00:45:00+00:00,76337.99,76374.33,76284.64,76284.65,18.8882,1441826.5260646
2026-04-22 00:50:00+00:00,76284.64,76300.59,76249.41,76273.96,24.22015,1847230.550108
2026-04-22 00:55:00+00:00,76273.97,76370.46,76266.68,76370.45,37.43883,2856483.4664445
2026-04-22 01:00:00+00:00,76370.46,76412.42,76312.41,76350.84,59.71369,4559035.9335609
2026-04-22 01:05:00+00:00,76350.83,76369.92,76315.52,76345.62,21.81084,1665085.1483856
2026-04-22 01:10:00+00:00,76345.62,76416.24,76281.73,76397.37,17.70941,1352149.5380514
2026-04-22 01:15:00+00:00,76397.37,76397.37,76164.81,76184.44,29.72532,2266661.6710765
2026-04-22 01:20:00+00:00,76184.44,76247.77,76140.09,76178.18,69.68134,5309108.7923008
2026-04-22 01:25:00+00:00,76178.19,76214.65,76150.0,76160.58,22.40756,1706966.5579497
2026-04-22 01:30:00+00:00,76160.59,76206.88,76132.95,76175.84,19.71993,1502267.0202004
2026-04-22 01:35:00+00:00,76175.84,76271.13,76170.65,76262.19,16.1788,1233474.0685903
2026-04-22 01:40:00+00:00,76262.18,76271.13,76218.89,76250.2,15.38185,1172794.4789637
2026-04-22 01:45:00+00:00,76250.2,76291.62,76209.2,76280.03,15.53412,1184590.0328359
2026-04-22 01:50:00+00:00,76280.02,76350.0,76237.83,76244.52,48.21336,3678556.4961177
2026-04-22 01:55:00+00:00,76244.52,76324.86,76237.83,76297.99,15.41084,1175778.9127628
2026-04-22 02:00:00+00:00,76297.99,76349.81,76223.9,76290.96,32.19737,2456123.6345923
2026-04-22 02:05:00+00:00,76290.96,76346.55,76235.98,76346.54,27.93435,2130983.8302936
2026-04-22 02:10:00+00:00,76346.54,76879.52,76346.54,76739.94,274.57787,21058048.2069888
2026-04-22 02:15:00+00:00,76739.93,77167.24,76739.93,77019.46,295.10753,22728792.7621105
2026-04-22 02:20:00+00:00,77019.45,77138.99,76784.86,77015.06,142.65879,10978431.3299766
2026-04-22 02:25:00+00:00,77015.07,77250.0,77015.06,77239.56,103.63592,7996287.024088
2026-04-22 02:30:00+00:00,77239.57,77347.92,77077.5,77134.04,121.55579,9387260.5712063
2026-04-22 02:35:00+00:00,77134.05,77237.9,77076.94,77102.97,51.44351,3968678.876024
2026-04-22 02:40:00+00:00,77102.98,77306.81,77067.43,77242.46,80.0579,6180357.3714629
2026-04-22 02:45:00+00:00,77242.46,77280.48,77144.24,77192.21,54.93044,4241988.7180477
2026-04-22 02:50:00+00:00,77192.21,77500.0,77192.2,77478.97,167.25963,12943509.9344338
2026-04-22 02:55:00+00:00,77478.97,77645.35,77411.52,77604.71,271.49729,21048629.3841151
2026-04-22 03:00:00+00:00,77604.7,77678.67,77466.67,77604.42,155.66535,12075131.6242353
2026-04-22 03:05:00+00:00,77604.41,77733.11,77507.25,77604.84,218.59532,16973922.6444202
2026-04-22 03:10:00+00:00,77604.84,77658.13,77542.43,77606.78,57.95717,4497978.4637539
2026-04-22 03:15:00+00:00,77606.78,77606.78,77420.11,77429.22,70.6994,5477870.1474182
2026-04-22 03:20:00+00:00,77429.21,77500.0,77402.94,77487.11,56.83619,4401989.3065835
2026-04-22 03:25:00+00:00,77487.12,77605.82,77487.11,77529.09,45.51715,3529658.2739271
2026-04-22 03:30:00+00:00,77529.09,77537.46,77397.88,77420.57,99.17461,7679019.7833179
2026-04-22 03:35:00+00:00,77420.56,77452.2,77405.17,77424.09,55.37259,4287722.6741517
2026-04-22 03:40:00+00:00,77424.09,77592.83,77424.09,77583.32,60.68259,4704590.7264116
2026-04-22 03:45:00+00:00,77583.33,77612.89,77500.0,77557.82,42.83364,3321227.17154
2026-04-22 03:50:00+00:00,77557.82,77613.71,77546.0,77552.19,21.269,1649964.3442316
2026-04-22 03:55:00+00:00,77552.19,77614.78,77521.47,77521.48,72.04979,5589779.3390812
2026-04-22 04:00:00+00:00,77521.47,77600.0,77510.93,77600.0,95.00343,7367881.7365651
2026-04-22 04:05:00+00:00,77599.99,77600.0,77545.17,77569.16,22.87561,1774653.7607441
2026-04-22 04:10:00+00:00,77569.16,77624.4,77484.11,77484.26,46.72125,3622920.7499445
2026-04-22 04:15:00+00:00,77484.27,77498.0,77439.04,77439.05,29.32545,2271668.2072823
2026-04-22 04:20:00+00:00,77439.05,77487.39,77364.25,77417.07,34.68105,2685302.5854642
2026-04-22 04:25:00+00:00,77417.07,77515.46,77404.71,77507.02,62.11269,4811353.0593203
2026-04-22 04:30:00+00:00,77507.03,77534.4,77483.15,77500.01,29.62705,2296401.0888152
2026-04-22 04:35:00+00:00,77500.0,77650.0,77473.87,77650.0,31.50526,2443585.5447228
2026-04-22 04:40:00+00:00,77649.99,77700.0,77561.59,77562.02,44.63144,3465597.7911302
2026-04-22 04:45:00+00:00,77562.02,77589.71,77523.1,77523.1,18.774,1456089.6372916
2026-04-22 04:50:00+00:00,77523.1,77559.0,77465.63,77472.01,44.3264,3435640.4404623
2026-04-22 04:55:00+00:00,77472.0,77523.01,77450.33,77523.0,87.57417,6786775.1406593
2026-04-22 05:00:00+00:00,77523.01,77531.48,77450.0,77483.61,102.05441,7908003.2103533
2026-04-22 05:05:00+00:00,77483.62,77578.65,77450.0,77548.49,35.77276,2772479.4073812
2026-04-22 05:10:00+00:00,77548.48,77589.78,77523.62,77548.62,19.8924,1542567.4170943
2026-04-22 05:15:00+00:00,77548.62,78012.55,77525.33,77939.67,423.7709,33003711.6443237
2026-04-22 05:20:00+00:00,77939.66,78450.0,77883.41,78225.33,513.57886,40152706.9216464
2026-04-22 05:25:00+00:00,78225.32,78452.18,78107.56,78258.53,400.23626,31332748.2719772
2026-04-22 05:30:00+00:00,78258.53,78336.7,78122.15,78189.25,171.80339,13443438.8861356
2026-04-22 05:35:00+00:00,78189.24,78244.45,78027.01,78034.37,109.96323,8592311.9287605
2026-04-22 05:40:00+00:00,78034.37,78368.91,78002.62,78133.52,193.31232,15119055.981089
2026-04-22 05:45:00+00:00,78133.52,78150.85,78075.17,78093.3,88.18429,6888579.8832758
2026-04-22 05:50:00+00:00,78093.3,78150.0,77962.42,78096.08,173.77592,13561857.4830858
2026-04-22 05:55:00+00:00,78094.25,78211.14,77994.93,77994.93,154.14405,12037951.8083272
2026-04-22 06:00:00+00:00,77994.92,78007.37,77920.0,77959.84,56.77906,4426539.8862627
2026-04-22 06:05:00+00:00,77959.84,77974.65,77913.23,77941.99,164.76158,12841877.213492
2026-04-22 06:10:00+00:00,77941.99,78015.16,77919.31,77950.76,58.89278,4591146.2424453
2026-04-22 06:15:00+00:00,77950.76,78014.16,77950.75,77996.42,37.18897,2900193.4165003
2026-04-22 06:20:00+00:00,77996.41,78042.84,77921.48,77951.06,29.84461,2328085.2964061
2026-04-22 06:25:00+00:00,77951.06,77997.47,77924.39,77972.85,48.31717,3767214.5919474
2026-04-22 06:30:00+00:00,77972.86,78012.85,77939.45,77939.46,32.21154,2511877.7558498
2026-04-22 06:35:00+00:00,77939.45,77955.46,77900.0,77945.85,23.39051,1822773.1818767
2026-04-22 06:40:00+00:00,77945.85,77987.29,77931.85,77971.26,22.95598,1789744.0039252
2026-04-22 06:45:00+00:00,77971.26,77997.6,77925.06,77959.1,36.23035,2824811.014661
2026-04-22 06:50:00+00:00,77959.11,78018.0,77959.1,78014.64,40.12727,3129402.7637911
2026-04-22 06:55:00+00:00,78014.64,78017.36,77964.07,78010.72,26.18604,2042190.5354138
2026-04-22 07:00:00+00:00,78010.73,78025.97,77967.31,77997.86,48.36044,3772302.9258416
2026-04-22 07:05:00+00:00,77997.87,78062.41,77997.86,78039.2,31.25307,2438439.0047421
2026-04-22 07:10:00+00:00,78039.21,78111.0,77993.11,78105.21,56.44276,4405885.9975473
2026-04-22 07:15:00+00:00,78105.22,78105.22,77952.91,77966.83,36.60684,2856480.9636682
2026-04-22 07:20:00+00:00,77966.83,77970.48,77825.0,77882.03,95.70689,7454099.2130239
2026-04-22 07:25:00+00:00,77882.02,77899.85,77828.91,77893.9,67.04198,5220085.9151897
2026-04-22 07:30:00+00:00,77893.9,77909.91,77837.86,77897.56,59.01351,4595693.00986
2026-04-22 07:35:00+00:00,77897.56,77970.0,77867.83,77894.57,72.15888,5622791.5770662
2026-04-22 07:40:00+00:00,77894.58,78067.11,77875.37,78062.69,88.74795,6920818.2177432
2026-04-22 07:45:00+00:00,78063.39,78110.0,77990.51,78000.0,91.68487,7157396.3201744
2026-04-22 07:50:00+00:00,77999.99,78058.55,77972.57,77993.5,106.31715,8295652.5416654
2026-04-22 07:55:00+00:00,77993.49,78078.04,77987.71,78012.79,127.19206,9925495.9514808
2026-04-22 08:00:00+00:00,78012.78,78162.2,78012.78,78056.12,84.09294,6565591.3163873
2026-04-22 08:05:00+00:00,78056.12,78133.16,78056.11,78106.14,71.16949,5557488.4435413
2026-04-22 08:10:00+00:00,78106.14,78182.0,78094.08,78141.2,64.14152,5012030.8225598
2026-04-22 08:15:00+00:00,78141.2,78158.0,78112.31,78137.15,115.07928,8990730.7487773
2026-04-22 08:20:00+00:00,78137.14,78219.41,78020.89,78031.2,180.6679,14116618.1205233
2026-04-22 08:25:00+00:00,78030.95,78095.99,77965.76,77965.76,215.63676,16828758.120468
2026-04-22 08:30:00+00:00,77965.76,78018.82,77949.25,77967.2,35.42988,2762789.3087076
2026-04-22 08:35:00+00:00,77967.2,78008.68,77958.8,77979.75,49.13311,3831755.2102279
2026-04-22 08:40:00+00:00,77979.74,78007.83,77944.2,77944.2,35.8251,2793682.8778812
2026-04-22 08:45:00+00:00,77944.2,77992.21,77941.59,77966.0,28.87735,2251668.5551711
2026-04-22 08:50:00+00:00,77966.01,78070.94,77966.0,78050.36,37.71625,2942067.8106352
2026-04-22 08:55:00+00:00,78050.36,78066.04,78010.92,78010.92,69.67854,5437747.6630456
2026-04-22 09:00:00+00:00,78010.92,78057.74,77956.76,77991.33,50.96186,3974654.7080041
2026-04-22 09:05:00+00:00,77991.33,78077.0,77958.0,78064.47,32.84234,2562197.8282337
2026-04-22 09:10:00+00:00,78064.46,78096.0,78031.97,78039.35,41.44239,3234497.8585859
2026-04-22 09:15:00+00:00,78039.36,78050.0,77960.78,77983.24,30.80479,2402829.7008908
2026-04-22 09:20:00+00:00,77983.24,78043.14,77982.53,78040.33,23.24152,1813231.0676593
2026-04-22 09:25:00+00:00,78040.34,78157.13,78036.69,78157.12,34.2723,2676624.5908328
2026-04-22 09:30:00+00:00,78157.13,78157.13,78095.1,78099.3,21.19795,1656227.6259567
2026-04-22 09:35:00+00:00,78099.3,78114.05,78057.19,78114.02,21.43445,1673900.7636033
2026-04-22 09:40:00+00:00,78114.02,78184.7,78114.02,78145.72,28.22918,2206429.8871987
2026-04-22 09:45:00+00:00,78145.73,78145.73,78094.95,78108.11,15.8055,1234571.0047331
2026-04-22 09:50:00+00:00,78108.12,78125.71,77987.56,77999.86,95.87724,7486209.5438713
2026-04-22 09:55:00+00:00,77999.86,78028.01,77978.29,78001.95,19.28653,1504414.4671675
2026-04-22 10:00:00+00:00,78001.96,78051.56,77951.17,77981.35,13.42714,1047238.2785894
2026-04-22 10:05:00+00:00,77981.35,78039.79,77954.28,77954.47,13.12893,1024089.0209517
2026-04-22 10:10:00+00:00,77954.48,78039.48,77954.47,78039.48,47.89205,3736068.0530429
2026-04-22 10:15:00+00:00,78039.48,78048.1,77973.97,78018.98,21.95761,1713031.3256895
2026-04-22 10:20:00+00:00,78018.97,78032.77,77978.47,77990.08,15.41446,1202455.6025648
2026-04-22 10:25:00+00:00,77990.09,78076.99,77984.85,78067.9,14.35221,1119831.7119394
2026-04-22 10:30:00+00:00,78067.9,78167.85,78067.89,78167.84,61.88144,4833787.3296661
2026-04-22 10:35:00+00:00,78167.85,78180.0,78108.0,78137.95,27.04627,2113566.199817
2026-04-22 10:40:00+00:00,78137.95,78157.44,78100.18,78119.59,25.15181,1964957.2014811
2026-04-22 10:45:00+00:00,78119.59,78128.04,78098.0,78122.6,28.28175,2209154.0468919
2026-04-22 10:50:00+00:00,78122.6,78164.71,78100.0,78120.24,24.89897,1945297.3046682
2026-04-22 10:55:00+00:00,78120.24,78171.59,78056.99,78157.41,59.28867,4630079.00912
2026-04-22 11:00:00+00:00,78157.41,78280.0,78157.41,78217.09,56.49754,4420197.3846042
2026-04-22 11:05:00+00:00,78217.09,78276.81,78102.0,78126.04,102.79152,8042174.806899
2026-04-22 11:10:00+00:00,78126.03,78209.84,78104.97,78152.34,32.1922,2516192.2618957
2026-04-22 11:15:00+00:00,78152.34,78239.99,78152.33,78199.99,21.41441,1674697.1515151
2026-04-22 11:20:00+00:00,78200.0,78240.0,78200.0,78224.2,46.03358,3601158.3660221
2026-04-22 11:25:00+00:00,78224.2,78314.65,78211.11,78314.64,61.11945,4783230.62293
2026-04-22 11:30:00+00:00,78314.65,78333.0,78272.3,78312.87,61.44948,4811761.5833654
2026-04-22 11:35:00+00:00,78312.87,78399.0,78174.02,78226.01,86.29424,6753657.8880713
2026-04-22 11:40:00+00:00,78226.0,78254.17,78186.64,78209.83,30.76568,2406119.8162088
2026-04-22 11:45:00+00:00,78209.83,78312.88,78209.83,78308.98,24.79554,1940930.5747533
2026-04-22 11:50:00+00:00,78308.97,78316.07,78244.25,78284.14,25.95173,2031389.9195993
2026-04-22 11:55:00+00:00,78284.15,78300.0,78244.86,78300.0,11.57727,906175.814728
2026-04-22 12:00:00+00:00,78300.0,78416.64,78244.86,78313.1,68.83775,5392870.1870923
2026-04-22 12:05:00+00:00,78313.11,78330.04,78228.0,78330.03,33.32182,2609126.9917626
2026-04-22 12:10:00+00:00,78330.03,78463.31,78324.19,78429.85,377.82741,29621511.8234845
2026-04-22 12:15:00+00:00,78429.85,78508.18,78300.0,78342.0,107.82006,8458815.6229239
2026-04-22 12:20:00+00:00,78341.99,78373.67,78231.48,78241.7,43.57183,3411520.018186
2026-04-22 12:25:00+00:00,78241.7,78287.51,78138.8,78185.37,62.2221,4865361.0489312
2026-04-22 12:30:00+00:00,78185.36,78243.6,78114.04,78225.82,43.12093,3370735.3578756
2026-04-22 12:35:00+00:00,78225.83,78247.98,78179.49,78200.87,44.40409,3472916.5280769
2026-04-22 12:40:00+00:00,78200.88,78281.7,78188.79,78188.79,48.35561,3782761.3417949
2026-04-22 12:45:00+00:00,78188.8,78330.23,78180.03,78181.71,66.45362,5199679.0614721
2026-04-22 12:50:00+00:00,78181.22,78249.6,78178.33,78244.08,24.88313,1946154.2031142
2026-04-22 12:55:00+00:00,78244.07,78299.47,78225.98,78236.05,32.12173,2513668.7166783
2026-04-22 13:00:00+00:00,78236.05,78299.47,78162.64,78294.9,39.96736,3127071.0553175
2026-04-22 13:05:00+00:00,78294.91,78445.7,78223.06,78262.75,89.58969,7017782.750621
2026-04-22 13:10:00+00:00,78262.74,78373.96,78241.42,78373.95,46.13768,3613954.6133715
2026-04-22 13:15:00+00:00,78373.96,78500.0,78345.15,78450.01,62.23444,4880263.998292
2026-04-22 13:20:00+00:00,78450.0,78495.49,78380.0,78467.79,60.4064,4738841.7392905
2026-04-22 13:25:00+00:00,78467.8,78470.0,78406.42,78467.85,35.31891,2770655.8949838
2026-04-22 13:30:00+00:00,78467.85,78672.67,78361.26,78447.39,249.09352,19559813.2073569
2026-04-22 13:35:00+00:00,78447.38,78498.45,78283.06,78451.15,91.3826,7162490.4731883
2026-04-22 13:40:00+00:00,78451.15,78649.99,78426.87,78616.93,111.24907,8739739.9707874
2026-04-22 13:45:00+00:00,78616.92,78770.0,78527.29,78650.39,221.29405,17408446.2034179
2026-04-22 13:50:00+00:00,78650.38,78773.6,78570.73,78746.27,114.06994,8978265.881317
2026-04-22 13:55:00+00:00,78747.4,78850.0,78719.4,78840.94,132.44358,10436312.3812252
2026-04-22 14:00:00+00:00,78840.94,78900.0,78775.0,78881.8,154.22608,12162261.0767689
2026-04-22 14:05:00+00:00,78881.8,78888.01,78703.13,78825.19,121.93636,9609398.4904345
2026-04-22 14:10:00+00:00,78825.19,79079.25,78825.19,79057.81,269.77374,21306786.0475473
2026-04-22 14:15:00+00:00,79057.81,79072.33,78781.83,78804.8,154.19487,12169888.5699763
2026-04-22 14:20:00+00:00,78804.81,79174.68,78778.2,79081.14,255.19835,20169087.4837472
2026-04-22 14:25:00+00:00,79081.15,79129.56,79000.0,79008.31,97.55961,7713851.7188241
2026-04-22 14:30:00+00:00,79008.3,79042.72,78577.86,78729.49,258.59255,20357457.1371162
2026-04-22 14:35:00+00:00,78729.5,78860.84,78700.0,78860.84,106.76159,8409219.4794434
2026-04-22 14:40:00+00:00,78860.83,78951.47,78686.76,78699.54,134.48727,10599902.1184606
2026-04-22 14:45:00+00:00,78699.53,78888.0,78693.8,78888.0,60.806,4790291.6464688
2026-04-22 14:50:00+00:00,78888.0,79007.84,78865.44,78957.77,143.28239,11311024.3181325
2026-04-22 14:55:00+00:00,78957.77,79095.34,78867.32,79045.75,90.87628,7180728.7511828
2026-04-22 15:00:00+00:00,79045.75,79092.87,78890.0,78916.0,136.40154,10775656.5318107
2026-04-22 15:05:00+00:00,78915.99,79011.76,78852.02,78954.85,98.04846,7740320.2342211
2026-04-22 15:10:00+00:00,78954.84,79123.0,78924.35,78947.64,125.08492,9885877.719138
2026-04-22 15:15:00+00:00,78947.64,79027.6,78886.0,78982.86,63.26026,4995107.9216272
2026-04-22 15:20:00+00:00,78982.85,79071.69,78930.42,78986.37,123.34297,9744087.6321294
2026-04-22 15:25:00+00:00,78986.36,79127.01,78837.66,79068.15,147.5126,11649981.7179603
2026-04-22 15:30:00+00:00,79068.16,79282.75,79010.18,79092.21,221.06256,17504608.8595632
2026-04-22 15:35:00+00:00,79092.22,79276.0,79009.99,79259.99,124.13825,9825052.2179989
2026-04-22 15:40:00+00:00,79260.0,79317.73,79200.0,79279.92,129.33262,10251244.3757454
2026-04-22 15:45:00+00:00,79279.92,79328.65,79235.11,79280.89,50.53946,4007682.9394645
2026-04-22 15:50:00+00:00,79280.89,79400.0,79218.5,79399.99,119.18124,9454578.283321
2026-04-22 15:55:00+00:00,79399.99,79400.0,79272.9,79272.9,74.09912,5880070.6867559
2026-04-22 16:00:00+00:00,79272.91,79436.02,79272.91,79426.16,132.34421,10500492.4807491
2026-04-22 16:05:00+00:00,79426.16,79472.82,79283.83,79283.83,77.7689,6173263.4461407
2026-04-22 16:10:00+00:00,79283.83,79283.84,79114.11,79201.01,85.28008,6755256.9073
2026-04-22 16:15:00+00:00,79201.0,79208.0,79100.0,79127.41,104.41553,8264921.7421212
2026-04-22 16:20:00+00:00,79127.4,79174.0,78944.9,78989.91,84.00579,6641153.712376
2026-04-22 16:25:00+00:00,78989.9,79011.56,78881.13,78932.0,92.7028,7319413.4522403
2026-04-22 16:30:00+00:00,78932.0,79030.23,78861.0,78980.01,52.01193,4105365.7126634
2026-04-22 16:35:00+00:00,78980.0,79022.4,78936.34,78965.28,37.21216,2938632.3300105
2026-04-22 16:40:00+00:00,78965.28,78965.28,78777.0,78813.9,72.5919,5721886.2360026
2026-04-22 16:45:00+00:00,78813.9,78846.75,78732.87,78842.08,97.23097,7658258.7636448
2026-04-22 16:50:00+00:00,78842.07,78847.18,78702.0,78705.89,47.45511,3738124.1352755
2026-04-22 16:55:00+00:00,78705.9,78770.0,78632.37,78743.59,127.95424,10068727.0300657
2026-04-22 17:00:00+00:00,78743.6,78913.7,78743.59,78883.96,86.94749,6856175.0059428
2026-04-22 17:05:00+00:00,78883.97,78922.3,78827.4,78922.3,67.84097,5352875.2305616
2026-04-22 17:10:00+00:00,78922.3,79034.73,78922.3,78980.25,63.64997,5027519.9860444
2026-04-22 17:15:00+00:00,78980.24,79008.14,78768.0,78841.62,70.72502,5580073.1412909
2026-04-22 17:20:00+00:00,78841.62,78856.92,78709.47,78723.21,40.11552,3160364.794903
2026-04-22 17:25:00+00:00,78723.2,78913.53,78705.71,78832.18,24.49393,1930543.2715862
2026-04-22 17:30:00+00:00,78832.19,78890.15,78774.09,78805.59,15.81368,1246902.7342367
2026-04-22 17:35:00+00:00,78805.58,78863.11,78763.66,78835.27,20.27052,1597616.1427283
2026-04-22 17:40:00+00:00,78835.27,78889.49,78798.31,78815.99,20.00352,1577200.3873887
2026-04-22 17:45:00+00:00,78815.98,78928.0,78708.31,78879.05,26.13152,2059947.8947047
2026-04-22 17:50:00+00:00,78879.12,78994.4,78861.5,78994.4,42.53056,3357724.2686269
2026-04-22 17:55:00+00:00,78994.39,78994.4,78900.0,78900.0,23.79118,1878125.2382355
2026-04-22 18:00:00+00:00,78900.01,78981.31,78900.01,78920.0,15.36862,1213193.6379221
2026-04-22 18:05:00+00:00,78920.01,78932.99,78828.76,78920.15,17.90089,1412040.5494696
2026-04-22 18:10:00+00:00,78920.14,78989.71,78886.49,78958.51,29.24631,2308841.7354585
2026-04-22 18:15:00+00:00,78958.51,78986.8,78930.01,78976.11,25.21871,1991329.9330001
2026-04-22 18:20:00+00:00,78976.12,78991.81,78885.84,78991.8,18.98216,1498562.0961763
2026-04-22 18:25:00+00:00,78991.8,78991.81,78903.2,78905.02,32.96401,2602082.0996207
2026-04-22 18:30:00+00:00,78905.02,78957.02,78857.16,78899.17,21.03252,1659677.9963421
2026-04-22 18:35:00+00:00,78899.17,78968.71,78896.08,78960.21,16.26422,1284014.900869
2026-04-22 18:40:00+00:00,78960.2,79031.56,78960.2,78960.97,55.24459,4364192.1220527
2026-04-22 18:45:00+00:00,78960.97,79108.0,78957.72,79108.0,33.19051,2623830.8595556
2026-04-22 18:50:00+00:00,79107.99,79163.66,79072.48,79079.59,25.39126,2008625.3266529
2026-04-22 18:55:00+00:00,79079.59,79079.59,78990.76,79022.39,32.13642,2539442.4537057
2026-04-22 19:00:00+00:00,79022.4,79050.51,78742.48,78785.89,70.84074,5585493.8510108
2026-04-22 19:05:00+00:00,78785.41,78845.74,78706.81,78761.17,64.38514,5072096.7841636
2026-04-22 19:10:00+00:00,78761.17,78855.73,78761.17,78855.72,66.18165,5215231.8263439
2026-04-22 19:15:00+00:00,78855.72,78945.25,78828.67,78932.9,47.68449,3761637.0305905
2026-04-22 19:20:00+00:00,78932.89,78986.0,78918.86,78982.78,51.29716,4050240.2524104
2026-04-22 19:25:00+00:00,78982.78,79067.6,78982.78,79027.6,34.51892,2727677.0773412
2026-04-22 19:30:00+00:00,79027.59,79062.0,78923.17,78936.7,49.06641,3876778.0191499
2026-04-22 19:35:00+00:00,78936.7,78936.7,78762.9,78875.64,40.34124,3180661.9359106
2026-04-22 19:40:00+00:00,78875.64,78875.64,78826.94,78860.1,35.26908,2780863.4276365
2026-04-22 19:45:00+00:00,78860.1,78888.0,78805.64,78884.19,21.62649,1705219.4150477
2026-04-22 19:50:00+00:00,78884.2,78913.7,78782.59,78889.99,27.12313,2138462.4715146
2026-04-22 19:55:00+00:00,78890.0,78967.34,78827.18,78846.62,48.97223,3864280.7174866
2026-04-22 20:00:00+00:00,78846.62,78915.84,78808.51,78897.88,37.16678,2931204.0820246
2026-04-22 20:05:00+00:00,78897.88,78909.9,78779.84,78779.85,23.79644,1875933.2248708
2026-04-22 20:10:00+00:00,78779.84,78800.0,78747.25,78748.46,22.628,1782558.3357716
2026-04-22 20:15:00+00:00,78748.46,78758.0,78632.37,78667.15,48.4468,3812404.9357714
2026-04-22 20:20:00+00:00,78667.15,78667.15,78484.42,78556.0,99.68586,7831217.6650596
2026-04-22 20:25:00+00:00,78556.77,78610.25,78556.77,78595.14,22.23612,1747702.0844446
2026-04-22 20:30:00+00:00,78595.13,78617.87,78549.58,78549.59,20.58298,1617709.8225415
2026-04-22 20:35:00+00:00,78549.58,78549.59,78487.56,78522.81,40.05103,3144834.0565633
2026-04-22 20:40:00+00:00,78522.81,78567.12,78513.37,78513.37,20.41982,1603685.6412478
2026-04-22 20:45:00+00:00,78513.37,78521.26,78470.58,78495.85,17.99878,1412841.7779458
2026-04-22 20:50:00+00:00,78495.85,78512.0,78440.78,78440.79,39.13523,3071037.877139
2026-04-22 20:55:00+00:00,78440.79,78482.63,78410.0,78436.68,44.51759,3492055.0461949
2026-04-22 21:00:00+00:00,78436.69,78550.0,78425.0,78549.99,20.34676,1596725.5923776
2026-04-22 21:05:00+00:00,78549.99,78582.24,78545.99,78577.86,9.63181,756630.9289896
2026-04-22 21:10:00+00:00,78577.85,78599.99,78555.75,78583.99,19.18492,1507475.0668266
2026-04-22 21:15:00+00:00,78584.0,78599.92,78565.35,78575.77,8.00839,629350.3450316
2026-04-22 21:20:00+00:00,78575.78,78599.92,78550.0,78568.71,90.65008,7122860.4369071
2026-04-22 21:25:00+00:00,78568.71,78585.16,78566.77,78580.09,8.34321,655570.4464027
2026-04-22 21:30:00+00:00,78580.08,78700.0,78580.08,78700.0,26.73428,2102333.1004091
2026-04-22 21:35:00+00:00,78700.0,78749.33,78678.69,78749.32,18.90844,1488217.4624743
2026-04-22 21:40:00+00:00,78749.33,78753.51,78704.0,78749.99,36.14786,2845904.0592369
2026-04-22 21:45:00+00:00,78750.0,78816.36,78742.87,78796.0,20.96184,1651414.6531536
2026-04-22 21:50:00+00:00,78796.0,78796.0,78712.73,78755.7,24.45015,1925514.1688509
2026-04-22 21:55:00+00:00,78755.7,78821.86,78744.0,78762.69,15.97771,1258747.5573529
2026-04-22 22:00:00+00:00,78762.68,78810.83,78701.15,78750.3,42.47166,3344250.4226977
2026-04-22 22:05:00+00:00,78750.29,78819.3,78732.0,78819.3,22.38646,1763701.0722337
2026-04-22 22:10:00+00:00,78819.3,78824.0,78762.6,78762.61,21.13479,1665339.6129355
2026-04-22 22:15:00+00:00,78762.62,78766.29,78622.28,78635.99,22.40916,1763549.0595823
2026-04-22 22:20:00+00:00,78635.99,78640.0,78587.6,78625.36,22.04223,1732873.7128741
2026-04-22 22:25:00+00:00,78625.36,78625.37,78530.0,78541.59,15.98567,1255701.3182298
2026-04-22 22:30:00+00:00,78541.6,78599.06,78480.16,78499.3,50.17192,3940106.6179151
2026-04-22 22:35:00+00:00,78499.31,78545.67,78480.0,78536.3,14.99989,1177706.562943
2026-04-22 22:40:00+00:00,78536.29,78566.84,78499.86,78499.86,9.85706,774181.5201391
2026-04-22 22:45:00+00:00,78499.86,78546.31,78456.15,78495.41,12.8916,1011891.0588968
2026-04-22 22:50:00+00:00,78495.41,78562.53,78487.38,78553.85,16.39115,1287067.7096928
2026-04-22 22:55:00+00:00,78553.86,78630.0,78538.01,78607.95,43.89981,3449576.7855325
2026-04-22 23:00:00+00:00,78607.95,78607.95,78474.95,78507.1,19.23265,1510440.1964315
2026-04-22 23:05:00+00:00,78507.1,78546.87,78454.0,78546.86,23.08808,1812111.5807577
2026-04-22 23:10:00+00:00,78546.86,78598.0,78546.86,78562.58,20.67202,1624213.8298197
2026-04-22 23:15:00+00:00,78562.59,78584.88,78534.81,78534.82,13.08017,1027573.8531648
2026-04-22 23:20:00+00:00,78534.81,78534.81,78237.07,78240.89,216.92179,16990272.5092542
2026-04-22 23:25:00+00:00,78240.9,78348.0,78155.83,78331.01,244.69148,19139141.0411157
2026-04-22 23:30:00+00:00,78331.01,78331.01,78189.86,78247.74,33.01312,2583174.1525052
2026-04-22 23:35:00+00:00,78247.74,78299.1,78231.58,78262.0,29.90465,2340811.4382691
2026-04-22 23:40:00+00:00,78261.99,78286.1,78221.11,78254.9,29.0363,2272233.2287223
2026-04-22 23:45:00+00:00,78254.9,78305.04,78243.53,78272.88,12.7477,997941.8607618
2026-04-22 23:50:00+00:00,78272.88,78288.0,78197.41,78203.46,22.03079,1723667.2513443
2026-04-22 23:55:00+00:00,78203.45,78238.52,78157.13,78178.23,47.65018,3725842.5956214
2026-04-23 00:00:00+00:00,78178.22,78403.02,78178.22,78349.23,176.00632,13781262.1546088
2026-04-23 00:05:00+00:00,78349.23,78357.32,78150.0,78150.01,121.82129,9537887.3073857
2026-04-23 00:10:00+00:00,78150.0,78150.01,77888.0,77888.01,200.91224,15671802.5620947
2026-04-23 00:15:00+00:00,77888.01,78430.0,77582.17,78392.01,476.15223,37060268.8666817
2026-04-23 00:20:00+00:00,78392.0,78399.85,78138.4,78247.8,208.02042,16272210.7080788
2026-04-23 00:25:00+00:00,78247.8,78480.0,78196.97,78443.42,336.80069,26380365.5646528
2026-04-23 00:30:00+00:00,78443.41,78560.0,78311.99,78426.76,92.92653,7284143.6107956
2026-04-23 00:35:00+00:00,78426.03,78574.44,78388.44,78479.7,41.24122,3236219.3335992
2026-04-23 00:40:00+00:00,78479.7,78491.81,78386.0,78421.96,33.00774,2588919.5625912
2026-04-23 00:45:00+00:00,78421.96,78455.92,78271.99,78369.5,43.71827,3425605.1625893
2026-04-23 00:50:00+00:00,78369.5,78458.03,78306.19,78360.81,25.94058,2033279.1292002
2026-04-23 00:55:00+00:00,78360.81,78424.29,78355.88,78424.29,22.03274,1727143.633152
2026-04-23 01:00:00+00:00,78424.3,78435.79,78300.0,78310.73,29.32059,2297403.480774
2026-04-23 01:05:00+00:00,78310.73,78472.95,78310.73,78347.21,38.73519,3035408.050308
2026-04-23 01:10:00+00:00,78347.2,78362.21,78234.59,78265.12,27.98764,2190653.7940092
2026-04-23 01:15:00+00:00,78265.12,78275.75,78150.0,78150.0,31.62358,2472672.2829597
2026-04-23 01:20:00+00:00,78150.0,78197.04,78058.08,78068.08,32.05506,2504069.9371809
2026-04-23 01:25:00+00:00,78068.08,78270.76,78057.5,78087.43,151.07531,11799438.5549993
2026-04-23 01:30:00+00:00,78087.43,78220.95,78066.41,78135.39,137.27584,10724896.8806936
2026-04-23 01:35:00+00:00,78135.38,78250.0,78135.38,78228.66,17.28213,1351500.5779334
2026-04-23 01:40:00+00:00,78228.65,78393.6,78228.65,78291.84,33.03961,2587285.8831467
2026-04-23 01:45:00+00:00,78291.85,78382.63,78230.0,78382.63,38.40337,3006511.4148623
2026-04-23 01:50:00+00:00,78382.62,78430.23,78296.93,78344.0,24.96626,1956954.1537122
2026-04-23 01:55:00+00:00,78344.0,78381.23,78323.19,78359.23,25.10392,1966836.5660673
2026-04-23 02:00:00+00:00,78359.71,78359.72,78250.23,78252.01,34.05108,2666983.9734238
2026-04-23 02:05:00+00:00,78252.01,78285.69,78209.21,78252.73,32.59391,2550446.8649093
2026-04-23 02:10:00+00:00,78252.73,78290.05,78164.09,78164.09,25.17707,1969764.0858404
2026-04-23 02:15:00+00:00,78164.09,78217.99,78073.67,78106.01,41.6805,3257372.4581539
2026-04-23 02:20:00+00:00,78106.0,78207.07,78082.15,78082.52,32.69999,2555394.3048774
2026-04-23 02:25:00+00:00,78082.52,78113.44,77987.42,78036.0,86.37078,6739401.8761894
2026-04-23 02:30:00+00:00,78035.99,78056.47,77966.11,78014.52,31.18456,2432620.4194039
2026-04-23 02:35:00+00:00,78014.53,78112.35,77819.24,77871.34,53.30181,4153714.3389965
2026-04-23 02:40:00+00:00,77871.35,77903.18,77761.2,77872.01,80.37571,6254835.9406914
2026-04-23 02:45:00+00:00,77872.01,77921.07,77765.53,77826.66,30.07513,2340942.036931
2026-04-23 02:50:00+00:00,77826.67,78018.0,77826.66,77958.09,37.97456,2960833.3418103
2026-04-23 02:55:00+00:00,77958.08,78007.12,77916.0,77939.92,22.83817,1780420.903216
2026-04-23 03:00:00+00:00,77939.91,78025.99,77900.01,77973.87,23.7357,1850500.6467117
2026-04-23 03:05:00+00:00,77973.87,77973.87,77806.51,77815.15,27.44498,2137274.100765
2026-04-23 03:10:00+00:00,77815.15,77850.01,77725.09,77725.09,22.83663,1776846.9717866
2026-04-23 03:15:00+00:00,77725.17,77748.74,77640.59,77666.38,48.7989,3791411.7981863
2026-04-23 03:20:00+00:00,77666.38,77727.72,77629.69,77683.5,129.87231,10085657.4449406
2026-04-23 03:25:00+00:00,77683.51,77724.67,77623.34,77687.86,39.09439,3036100.7743695
2026-04-23 03:30:00+00:00,77687.98,77714.54,77607.09,77615.19,51.2876,3982403.4081758
2026-04-23 03:35:00+00:00,77615.04,77669.79,77514.74,77629.77,69.86465,5421279.9374826
2026-04-23 03:40:00+00:00,77629.78,77642.16,77453.43,77627.04,72.36084,5610299.6196919
2026-04-23 03:45:00+00:00,77627.05,77699.83,77542.57,77586.66,48.0167,3726912.7338475
2026-04-23 03:50:00+00:00,77586.66,77727.16,77586.66,77727.15,31.48061,2445316.0709022
2026-04-23 03:55:00+00:00,77727.15,77761.63,77648.63,77746.46,44.41029,3451419.7568155
2026-04-23 04:00:00+00:00,77746.47,77759.51,77675.8,77759.5,39.34847,3058276.5310366
2026-04-23 04:05:00+00:00,77759.5,77783.56,77680.0,77783.56,28.95767,2250980.6577291
2026-04-23 04:10:00+00:00,77783.57,77873.86,77783.57,77854.57,27.20734,2117661.7101859
2026-04-23 04:15:00+00:00,77854.56,77928.48,77788.63,77840.31,58.927,4589150.3983816
2026-04-23 04:20:00+00:00,77840.31,77905.6,77784.53,77784.54,24.52723,1909843.6059223
2026-04-23 04:25:00+00:00,77784.53,77807.0,77746.26,77795.85,25.38246,1973945.6243868
2026-04-23 04:30:00+00:00,77795.86,77914.41,77795.85,77905.47,13.98802,1089243.1989239
2026-04-23 04:35:00+00:00,77905.48,77909.95,77865.0,77884.01,20.02634,1559780.8952278
2026-04-23 04:40:00+00:00,77884.0,77907.85,77871.05,77876.25,13.1249,1022287.0988159
2026-04-23 04:45:00+00:00,77876.26,77917.61,77844.0,77881.69,15.10938,1176538.1339663
2026-04-23 04:50:00+00:00,77881.68,77923.95,77839.35,77923.51,16.56855,1290235.8982504
2026-04-23 04:55:00+00:00,77923.51,77949.09,77904.8,77920.09,21.88254,1705145.359557
2026-04-23 05:00:00+00:00,77920.09,78050.26,77901.51,78014.01,111.59489,8706793.7445105
2026-04-23 05:05:00+00:00,78014.0,78018.09,77963.39,78014.12,68.52664,5343972.8193921
2026-04-23 05:10:00+00:00,78014.12,78014.12,77980.22,77990.0,22.63187,1765158.9691622
2026-04-23 05:15:00+00:00,77990.0,77999.08,77909.86,77996.75,42.1572,3286226.897691
2026-04-23 05:20:00+00:00,77996.75,78014.4,77938.0,77938.01,17.95809,1400280.2909408
2026-04-23 05:25:00+00:00,77938.0,77938.01,77888.0,77905.52,15.67627,1221206.6330213
2026-04-23 05:30:00+00:00,77905.53,77905.53,77750.0,77836.76,130.94391,10185797.9486269
2026-04-23 05:35:00+00:00,77836.75,77882.08,77784.54,77794.13,85.83894,6679603.8109589
2026-04-23 05:40:00+00:00,77794.13,77862.68,77785.37,77862.68,9.7502,758825.7592881
2026-04-23 05:45:00+00:00,77862.68,77985.13,77862.67,77985.13,12.78173,996102.9338304
2026-04-23 05:50:00+00:00,77985.12,78110.01,77968.02,77986.42,141.24468,11027167.264396
2026-04-23 05:55:00+00:00,77986.43,78064.54,77986.42,78033.87,21.78856,1700108.8055422
2026-04-23 06:00:00+00:00,78034.0,78137.21,78034.0,78127.3,44.21683,3452771.1184581
2026-04-23 06:05:00+00:00,78127.3,78280.23,78127.3,78229.25,58.32653,4561443.7835384
2026-04-23 06:10:00+00:00,78229.24,78286.47,78184.0,78196.63,63.83187,4994523.1435028
2026-04-23 06:15:00+00:00,78196.63,78250.98,78175.68,78175.69,30.47745,2384216.0948192
2026-04-23 06:20:00+00:00,78175.68,78337.93,78160.0,78305.61,68.8108,5384499.4747143
2026-04-23 06:25:00+00:00,78305.6,78328.99,78282.0,78282.37,23.77321,1861464.8574599
2026-04-23 06:30:00+00:00,78282.36,78339.35,78275.31,78275.33,27.033,2116972.0872341
2026-04-23 06:35:00+00:00,78275.33,78275.33,78219.44,78219.44,24.39262,1908600.6546953
2026-04-23 06:40:00+00:00,78219.44,78229.42,78137.17,78178.39,31.73639,2481168.8886244
2026-04-23 06:45:00+00:00,78178.39,78178.4,78100.07,78100.08,14.95636,1168861.3270692
2026-04-23 06:50:00+00:00,78100.08,78243.72,78100.07,78196.78,15.78735,1234555.0246275
2026-04-23 06:55:00+00:00,78196.78,78214.61,78167.51,78211.43,29.78718,2329397.4536745
2026-04-23 07:00:00+00:00,78211.43,78248.39,78143.24,78193.07,35.78362,2798182.8938294
2026-04-23 07:05:00+00:00,78193.07,78247.68,78160.69,78168.57,26.4,2064880.5636534
2026-04-23 07:10:00+00:00,78168.57,78225.32,78132.0,78142.26,21.68289,1695121.7536029
2026-04-23 07:15:00+00:00,78142.26,78161.01,78112.83,78142.98,22.1547,1731055.4727163
2026-04-23 07:20:00+00:00,78142.98,78187.35,78121.49,78164.02,20.40145,1594339.3240542
2026-04-23 07:25:00+00:00,78164.01,78191.78,78132.84,78149.99,12.12378,947555.5267373
2026-04-23 07:30:00+00:00,78149.99,78172.76,78123.24,78159.99,15.41663,1204800.0234991
2026-04-23 07:35:00+00:00,78159.99,78166.0,78036.07,78123.65,21.32763,1665685.9980848
2026-04-23 07:40:00+00:00,78123.64,78144.11,78082.0,78099.54,18.57347,1450839.1304322
2026-04-23 07:45:00+00:00,78099.53,78120.0,78014.19,78115.84,24.30676,1897707.234753
2026-04-23 07:50:00+00:00,78115.84,78147.14,77981.88,77992.17,50.911,3972835.1537449
2026-04-23 07:55:00+00:00,77992.16,78048.62,77992.16,78048.62,23.27291,1815709.1142786
2026-04-23 08:00:00+00:00,78048.61,78048.62,77977.38,77985.62,25.67772,2003120.5914249
2026-04-23 08:05:00+00:00,77985.63,78070.0,77920.58,78069.99,34.92546,2723635.4633485
2026-04-23 08:10:00+00:00,78069.99,78175.52,78044.37,78109.0,21.73005,1697499.1229178
2026-04-23 08:15:00+00:00,78109.01,78109.64,78034.67,78100.46,21.62946,1688732.8509408
2026-04-23 08:20:00+00:00,78100.46,78121.4,77977.51,77982.83,31.10915,2427711.1496405
2026-04-23 08:25:00+00:00,77982.83,78030.38,77957.12,77983.91,18.36813,1432505.182264
2026-04-23 08:30:00+00:00,77983.53,77983.53,77842.65,77861.38,45.75897,3563733.9616763
2026-04-23 08:35:00+00:00,77861.38,77895.0,77800.0,77810.24,67.80973,5278799.4036206
2026-04-23 08:40:00+00:00,77810.24,77810.24,77715.9,77734.68,288.10322,22400440.3650892
2026-04-23 08:45:00+00:00,77734.68,77839.93,77714.86,77818.6,264.2247,20545237.5329771
2026-04-23 08:50:00+00:00,77818.6,77877.92,77813.32,77853.28,123.55639,9618652.4729017
2026-04-23 08:55:00+00:00,77853.28,77891.32,77846.88,77858.35,192.37577,14978662.5930674
2026-04-23 09:00:00+00:00,77858.34,77860.8,77633.33,77642.77,48.71849,3788589.383782
2026-04-23 09:05:00+00:00,77642.78,77691.23,77440.85,77549.99,228.63079,17733892.7492546
2026-04-23 09:10:00+00:00,77549.99,77583.65,77464.67,77580.17,58.56194,4540454.1221569
2026-04-23 09:15:00+00:00,77580.17,77704.96,77570.34,77674.5,110.90401,8605986.0413675
2026-04-23 09:20:00+00:00,77674.3,77674.31,77513.48,77523.6,57.09941,4430900.2386381
2026-04-23 09:25:00+00:00,77523.6,77620.34,77523.6,77620.34,55.14131,4277716.3936391
2026-04-23 09:30:00+00:00,77620.34,77674.0,77620.34,77668.72,36.32717,2821227.6274454
2026-04-23 09:35:00+00:00,77668.72,77688.63,77632.23,77688.63,33.63295,2612067.2179084
2026-04-23 09:40:00+00:00,77688.63,77761.94,77688.62,77726.0,31.6727,2462199.5808998
2026-04-23 09:45:00+00:00,77726.0,77741.67,77544.71,77616.14,38.69345,3004000.8805313
2026-04-23 09:50:00+00:00,77616.14,77648.19,77592.0,77616.38,29.88595,2319521.185397
2026-04-23 09:55:00+00:00,77616.39,77655.35,77612.17,77655.34,42.78444,3321325.4584671
2026-04-23 10:00:00+00:00,77655.35,77709.16,77621.33,77622.01,29.71816,2308005.7207095
2026-04-23 10:05:00+00:00,77622.0,77622.01,77215.01,77300.0,486.51458,37631856.3963452
2026-04-23 10:10:00+00:00,77300.0,77300.01,77174.01,77217.46,145.4466,11235048.7594119
2026-04-23 10:15:00+00:00,77217.47,77350.0,77204.96,77314.29,103.68039,8013001.6787791
2026-04-23 10:20:00+00:00,77314.28,77395.92,77294.94,77327.23,141.97292,10982833.3117584
2026-04-23 10:25:00+00:00,77327.24,77390.14,77327.23,77387.52,28.55092,2208798.7738794
2026-04-23 10:30:00+00:00,77387.52,77441.01,77352.0,77409.9,38.69375,2994691.5863618
2026-04-23 10:35:00+00:00,77409.91,77444.68,77366.0,77427.31,25.28518,1957162.4840764
2026-04-23 10:40:00+00:00,77427.32,77429.16,77376.03,77376.04,25.59532,1981130.1694099
2026-04-23 10:45:00+00:00,77376.03,77469.63,77356.15,77367.6,46.88072,3628230.4145305
2026-04-23 10:50:00+00:00,77367.6,77393.56,77319.7,77319.71,22.07128,1707210.7892391
2026-04-23 10:55:00+00:00,77319.71,77423.59,77300.0,77403.63,35.07927,2714228.3636249
2026-04-23 11:00:00+00:00,77403.63,77495.3,77403.63,77495.3,51.86157,4016859.2258575
2026-04-23 11:05:00+00:00,77495.3,77495.3,77400.62,77444.97,29.27287,2267264.2532323
2026-04-23 11:10:00+00:00,77444.97,77460.37,77365.57,77398.55,27.84994,2156019.7732043
2026-04-23 11:15:00+00:00,77398.55,77469.61,77384.45,77442.15,22.28356,1725186.0506197
2026-04-23 11:20:00+00:00,77442.15,77488.84,77442.15,77484.49,20.92877,1621313.6172847
2026-04-23 11:25:00+00:00,77484.49,77501.61,77432.12,77460.6,53.78127,4167191.5570258
2026-04-23 11:30:00+00:00,77460.6,77492.88,77384.44,77384.45,32.9549,2552062.4048614
2026-04-23 11:35:00+00:00,77384.44,77570.12,77384.44,77521.08,52.68296,4083227.6930615
2026-04-23 11:40:00+00:00,77521.09,77588.21,77513.23,77588.2,22.80203,1768127.3599428
2026-04-23 11:45:00+00:00,77588.2,77689.32,77583.33,77606.0,37.16171,2884776.3020151
2026-04-23 11:50:00+00:00,77606.01,77700.0,77603.11,77699.99,26.81901,2082275.604451
2026-04-23 11:55:00+00:00,77699.99,77757.31,77674.23,77704.62,147.02812,11428601.6488681
2026-04-23 12:00:00+00:00,77704.61,77789.47,77698.15,77768.87,49.97923,3885455.1989865
2026-04-23 12:05:00+00:00,77768.86,77865.41,77747.5,77762.49,87.49665,6807477.3473266
2026-04-23 12:10:00+00:00,77762.48,77807.96,77712.14,77714.64,62.91184,4892509.0022214
2026-04-23 12:15:00+00:00,77714.64,77729.82,77650.0,77680.74,40.78136,3168063.1815585
2026-04-23 12:20:00+00:00,77680.74,77739.18,77622.2,77739.18,19.32409,1500870.9476843
2026-04-23 12:25:00+00:00,77739.94,77766.62,77703.2,77766.2,24.93543,1938433.0550828
2026-04-23 12:30:00+00:00,77766.19,77821.74,77720.26,77761.34,29.67541,2307687.6406039
2026-04-23 12:35:00+00:00,77761.35,77794.56,77751.4,77780.85,33.99912,2644569.5984444
2026-04-23 12:40:00+00:00,77780.86,77868.6,77764.48,77764.49,48.16998,3748527.6097881
2026-04-23 12:45:00+00:00,77764.48,77830.0,77491.18,77680.01,186.81136,14502438.7635904
2026-04-23 12:50:00+00:00,77680.01,77734.78,77602.01,77689.35,23.14189,1797398.9396918
2026-04-23 12:55:00+00:00,77689.35,77870.54,77689.35,77870.53,28.9893,2255298.4068528
2026-04-23 13:00:00+00:00,77870.54,77904.37,77780.0,77825.05,38.76006,3017117.5812073
2026-04-23 13:05:00+00:00,77825.05,77825.05,77760.0,77816.01,18.94569,1473656.2938621
2026-04-23 13:10:00+00:00,77816.01,77822.76,77630.0,77661.49,41.45181,3221426.3089432
2026-04-23 13:15:00+00:00,77661.5,77714.11,77606.29,77671.82,43.46889,3376472.6577935
2026-04-23 13:20:00+00:00,77671.82,77705.86,77658.0,77682.52,26.65306,2070549.9425943
2026-04-23 13:25:00+00:00,77682.53,77687.25,77576.84,77595.82,26.9072,2088790.2856133
2026-04-23 13:30:00+00:00,77595.81,77675.01,77539.16,77617.99,106.83845,8288261.0567177
2026-04-23 13:35:00+00:00,77617.99,77692.57,77534.04,77582.01,38.31585,2973367.8378286
2026-04-23 13:40:00+00:00,77582.02,77640.51,77521.2,77541.29,32.52985,2523562.509565
2026-04-23 13:45:00+00:00,77541.29,77665.27,77473.16,77614.66,97.42603,7554364.6606913
2026-04-23 13:50:00+00:00,77614.66,77614.66,77379.92,77421.42,67.36055,5219417.2054586
2026-04-23 13:55:00+00:00,77421.42,77565.3,77408.0,77532.23,54.04371,4186680.872801
2026-04-23 14:00:00+00:00,77532.23,77621.32,77414.0,77590.97,50.1936,3889656.0646449
2026-04-23 14:05:00+00:00,77590.96,77649.8,77472.75,77602.01,76.71376,5951919.6266891
2026-04-23 14:10:00+00:00,77602.97,77607.99,77474.28,77523.53,49.1026,3807734.2963476
2026-04-23 14:15:00+00:00,77523.53,77597.65,77487.9,77487.9,23.10799,1791981.0946214
2026-04-23 14:20:00+00:00,77487.9,77763.22,77476.0,77732.9,34.60376,2685457.5427205
2026-04-23 14:25:00+00:00,77732.9,77954.94,77708.79,77727.98,115.03953,8952645.4966972
2026-04-23 14:30:00+00:00,77727.98,77907.99,77727.98,77822.0,37.67683,2932933.3051838
2026-04-23 14:35:00+00:00,77822.0,77973.68,77790.49,77834.26,87.87681,6843875.2163982
2026-04-23 14:40:00+00:00,77834.26,77924.52,77773.39,77902.0,96.55612,7514413.1156068
2026-04-23 14:45:00+00:00,77902.0,77995.0,77861.52,77861.53,109.09234,8504811.101324
2026-04-23 14:50:00+00:00,77861.53,78070.0,77850.0,78048.97,74.44595,5805953.0188629
2026-04-23 14:55:00+00:00,78048.96,78201.53,78048.96,78180.77,172.11153,13450456.2093055
2026-04-23 15:00:00+00:00,78180.78,78199.99,78000.0,78012.43,88.10822,6883729.0915395
2026-04-23 15:05:00+00:00,78012.42,78075.02,77983.25,78020.15,54.79546,4275429.1147984
2026-04-23 15:10:00+00:00,78020.14,78139.46,78020.14,78109.99,37.66121,2940760.7643652
2026-04-23 15:15:00+00:00,78109.99,78479.13,78067.49,78402.5,170.333,13345267.0614085
2026-04-23 15:20:00+00:00,78402.5,78662.5,78380.39,78573.84,120.69376,9479180.4063575
2026-04-23 15:25:00+00:00,78573.84,78574.0,78382.42,78386.89,107.34998,8426763.3370123
2026-04-23 15:30:00+00:00,78386.88,78500.0,78310.13,78499.99,64.09496,5026650.4280195
2026-04-23 15:35:00+00:00,78499.99,78550.0,78427.64,78549.99,68.07924,5343788.3184501
2026-04-23 15:40:00+00:00,78549.99,78600.01,78483.68,78488.0,79.05277,6208837.7237339
2026-04-23 15:45:00+00:00,78487.99,78488.0,78265.38,78378.11,88.12333,6904930.3372754
2026-04-23 15:50:00+00:00,78378.12,78380.0,78282.41,78286.24,76.03417,5954215.1314549
2026-04-23 15:55:00+00:00,78286.24,78428.25,78282.1,78376.76,54.12652,4241562.6964502
2026-04-23 16:00:00+00:00,78376.77,78450.0,78325.15,78325.16,69.6363,5459998.271814
2026-04-23 16:05:00+00:00,78325.16,78509.82,78318.15,78403.03,44.14951,3463167.7985776
2026-04-23 16:10:00+00:00,78403.03,78458.87,78302.65,78302.65,43.86987,3438597.7208508
2026-04-23 16:15:00+00:00,78302.65,78416.31,78300.0,78416.31,24.51032,1920092.2346594
2026-04-23 16:20:00+00:00,78416.31,78424.0,78236.84,78386.0,63.23727,4954436.8445854
2026-04-23 16:25:00+00:00,78385.99,78441.24,78300.0,78300.01,38.82413,3043595.9665381
2026-04-23 16:30:00+00:00,78300.0,78424.23,78278.38,78424.23,21.25182,1665159.4178126
2026-04-23 16:35:00+00:00,78424.23,78458.5,78317.29,78317.29,40.09116,3143026.0358211
2026-04-23 16:40:00+00:00,78317.3,78369.58,78306.27,78335.01,90.22816,7068160.7356552
2026-04-23 16:45:00+00:00,78335.0,78361.65,78300.0,78340.0,36.40766,2852119.0987636
2026-04-23 16:50:00+00:00,78340.0,78375.54,78100.07,78100.78,127.75985,9999267.090059
2026-04-23 16:55:00+00:00,78100.79,78160.19,78030.0,78103.72,61.97013,4839897.5362167
2026-04-23 17:00:00+00:00,78103.72,78184.85,77901.0,77917.21,146.54927,11433155.6262863
2026-04-23 17:05:00+00:00,77917.22,77934.0,77708.33,77727.14,83.50917,6499889.3321068
2026-04-23 17:10:00+00:00,77727.13,77910.3,77672.23,77841.95,48.80807,3797413.5823333
2026-04-23 17:15:00+00:00,77841.95,77850.79,77560.76,77631.57,98.70176,7665022.8565637
2026-04-23 17:20:00+00:00,77631.58,77747.19,77559.89,77647.72,62.9066,4885341.6830869
2026-04-23 17:25:00+00:00,77647.72,77841.06,77588.23,77588.24,47.97705,3727256.2619445
2026-04-23 17:30:00+00:00,77588.23,77688.0,77500.23,77662.99,76.70583,5953602.1027298
2026-04-23 17:35:00+00:00,77662.99,77725.56,77200.0,77262.5,181.85248,14078305.4729237
2026-04-23 17:40:00+00:00,77262.49,77265.43,76982.25,77191.88,338.79596,26115145.1907407
2026-04-23 17:45:00+00:00,77191.87,77369.44,76960.0,77301.98,275.02991,21217249.7810341
2026-04-23 17:50:00+00:00,77301.97,77792.0,77234.72,77663.76,266.86253,20678015.1802321
2026-04-23 17:55:00+00:00,77663.77,77812.64,77618.11,77769.21,96.84003,7527268.7113832
2026-04-23 18:00:00+00:00,77769.2,78010.96,77742.87,77793.93,128.63369,10018737.6137932
2026-04-23 18:05:00+00:00,77793.94,78114.63,77744.59,77961.94,98.49768,7679253.5533742
2026-04-23 18:10:00+00:00,77961.94,78146.75,77961.94,77978.01,112.54278,8782836.2346668
2026-04-23 18:15:00+00:00,77978.0,78063.6,77890.9,77904.3,69.13932,5390839.6834362
2026-04-23 18:20:00+00:00,77904.3,77970.0,77837.5,77927.19,59.25282,4616275.7862443
2026-04-23 18:25:00+00:00,77927.2,77938.25,77864.0,77907.85,16.63323,1295636.877224
2026-04-23 18:30:00+00:00,77907.85,78050.0,77907.84,77980.01,30.26109,2360443.9999687
2026-04-23 18:35:00+00:00,77980.0,78122.72,77971.47,78062.52,51.44632,4015202.3939387
2026-04-23 18:40:00+00:00,78062.51,78095.01,78001.32,78026.05,37.31762,2912308.2228697
2026-04-23 18:45:00+00:00,78026.05,78054.82,77868.71,77868.71,34.28569,2673169.693865
2026-04-23 18:50:00+00:00,77868.71,77912.25,77792.75,77885.51,37.93485,2952947.6582125
2026-04-23 18:55:00+00:00,77885.5,77885.5,77678.65,77678.65,55.12329,4287056.6567044
2026-04-23 19:00:00+00:00,77678.65,77740.64,77592.92,77625.72,42.04414,3265099.8538961
2026-04-23 19:05:00+00:00,77625.73,77767.59,77625.07,77695.79,43.34686,3368231.283411
2026-04-23 19:10:00+00:00,77695.79,77739.87,77671.18,77697.2,44.30187,3442286.3819133
2026-04-23 19:15:00+00:00,77697.2,77880.9,77697.2,77828.58,40.51135,3152374.2983008
2026-04-23 19:20:00+00:00,77828.58,77884.61,77794.4,77796.07,48.75997,3794787.0451791
2026-04-23 19:25:00+00:00,77796.06,77876.94,77796.06,77852.61,27.45736,2137279.8389765
2026-04-23 19:30:00+00:00,77852.62,77886.88,77678.14,77704.58,36.56682,2844863.7563936
2026-04-23 19:35:00+00:00,77704.57,77766.46,77639.53,77683.84,44.63974,3468156.2520069
2026-04-23 19:40:00+00:00,77683.84,77722.0,77638.36,77643.45,22.37634,1738196.2313908
2026-04-23 19:45:00+00:00,77643.46,77793.52,77643.46,77773.71,23.34407,1814070.7736914
2026-04-23 19:50:00+00:00,77773.7,77812.0,77593.83,77712.3,147.89382,11490492.7026791
2026-04-23 19:55:00+00:00,77712.3,77777.84,77698.02,77727.26,308.96251,24015516.1054203
2026-04-23 20:00:00+00:00,77727.25,77854.46,77637.5,77854.46,83.93932,6523417.5213409
2026-04-23 20:05:00+00:00,77854.46,77912.59,77832.0,77898.09,36.47007,2839899.760144
2026-04-23 20:10:00+00:00,77898.09,77904.86,77775.22,77797.33,26.49798,2062387.25256
2026-04-23 20:15:00+00:00,77797.34,77830.98,77678.59,77780.01,49.97298,3885719.9628719
2026-04-23 20:20:00+00:00,77780.01,77790.75,77709.8,77768.0,13.391,1040995.9074847
2026-04-23 20:25:00+00:00,77767.99,77768.0,77710.34,77744.17,20.7231,1610983.8745221
2026-04-23 20:30:00+00:00,77744.17,77890.78,77720.38,77866.01,22.52202,1752128.8362943
2026-04-23 20:35:00+00:00,77866.01,77981.87,77831.23,77981.86,25.27248,1968708.569914
2026-04-23 20:40:00+00:00,77981.86,78050.0,77955.43,77992.15,47.85316,3732349.0828573
2026-04-23 20:45:00+00:00,77992.14,78025.56,77920.65,77920.65,40.76025,3178326.322478
2026-04-23 20:50:00+00:00,77920.66,77962.72,77888.0,77892.79,12.0393,938018.8267631
2026-04-23 20:55:00+00:00,77892.79,77906.0,77852.29,77886.97,12.30327,958131.4518208
2026-04-23 21:00:00+00:00,77886.97,77886.98,77828.2,77844.78,19.53465,1520847.3838081
2026-04-23 21:05:00+00:00,77844.78,77871.88,77836.92,77848.66,11.06458,861416.9857652
2026-04-23 21:10:00+00:00,77848.67,77913.47,77846.97,77879.97,17.08699,1330707.0109449
2026-04-23 21:15:00+00:00,77879.96,77905.56,77858.02,77867.0,7.09233,552328.5735503
2026-04-23 21:20:00+00:00,77867.0,77867.0,77800.0,77844.77,16.73673,1302795.9280618
2026-04-23 21:25:00+00:00,77844.77,77917.05,77844.76,77917.05,6.16064,479781.0564827
2026-04-23 21:30:00+00:00,77917.06,78008.91,77917.05,78008.9,25.03067,1951882.3431251
2026-04-23 21:35:00+00:00,78008.9,78047.52,77995.42,78006.01,30.22149,2357751.8893077
2026-04-23 21:40:00+00:00,78006.01,78070.0,77980.87,78069.99,28.69239,2238766.8579549
2026-04-23 21:45:00+00:00,78069.99,78069.99,78011.53,78024.01,10.68387,833680.3566648
2026-04-23 21:50:00+00:00,78024.0,78024.01,77996.49,78000.17,9.1856,716555.7889647
2026-04-23 21:55:00+00:00,78000.17,78000.18,77863.5,77864.83,29.88757,2329477.5090417
2026-04-23 22:00:00+00:00,77864.84,78018.14,77864.83,78013.01,31.34557,2444628.9859063
2026-04-23 22:05:00+00:00,78013.01,78173.15,78010.09,78090.68,32.44095,2533102.7428547
2026-04-23 22:10:00+00:00,78090.68,78150.7,78041.69,78062.31,31.36825,2449721.069836
2026-04-23 22:15:00+00:00,78062.31,78267.99,78043.26,78230.11,45.17271,3531142.9776504
2026-04-23 22:20:00+00:00,78230.11,78251.57,78154.25,78197.51,14.99157,1172390.9281969
2026-04-23 22:25:00+00:00,78197.52,78250.0,78150.0,78178.34,17.45395,1364837.4163156
2026-04-23 22:30:00+00:00,78178.33,78250.0,78178.33,78217.49,13.49091,1055271.8987562
2026-04-23 22:35:00+00:00,78217.48,78276.92,78217.48,78250.55,14.10383,1103678.2523285
2026-04-23 22:40:00+00:00,78250.55,78306.0,78232.77,78306.0,16.60309,1299645.6897934
2026-04-23 22:45:00+00:00,78306.37,78331.0,78266.88,78289.5,27.57645,2159392.3312225
2026-04-23 22:50:00+00:00,78289.5,78289.51,78246.0,78268.98,11.33341,887085.4062272
2026-04-23 22:55:00+00:00,78268.97,78278.0,78207.47,78235.3,15.44951,1208638.6249173
2026-04-23 23:00:00+00:00,78235.29,78235.29,78185.0,78201.39,22.67475,1773458.5523893
2026-04-23 23:05:00+00:00,78201.38,78217.63,78165.66,78165.66,20.54657,1606717.5183548
2026-04-23 23:10:00+00:00,78165.16,78165.16,78088.53,78096.78,14.34462,1120482.6429252
2026-04-23 23:15:00+00:00,78096.78,78099.49,78030.0,78082.34,18.35268,1432741.9347328
2026-04-23 23:20:00+00:00,78082.34,78150.0,78065.64,78130.92,17.61372,1375813.2927207
2026-04-23 23:25:00+00:00,78130.92,78152.0,78102.48,78134.01,18.10707,1414642.4112803
2026-04-23 23:30:00+00:00,78134.01,78186.7,78134.01,78162.94,19.97343,1561277.0196666
2026-04-23 23:35:00+00:00,78162.95,78220.0,78162.94,78217.74,11.74893,918613.5660756
2026-04-23 23:40:00+00:00,78217.73,78277.57,78217.73,78257.98,12.09591,946579.5556117
2026-04-23 23:45:00+00:00,78257.98,78298.01,78220.48,78252.83,14.54183,1138203.4234955
2026-04-23 23:50:00+00:00,78252.83,78292.09,78241.99,78242.0,28.5122,2231276.5529864
2026-04-23 23:55:00+00:00,78242.0,78263.27,78240.53,78257.48,29.55223,2312572.0971801
2026-04-24 00:00:00+00:00,78257.48,78296.21,78177.1,78177.11,22.78821,1783679.411417
2026-04-24 00:05:00+00:00,78177.11,78344.07,78172.01,78330.16,18.63719,1458625.3492969
2026-04-24 00:10:00+00:00,78330.16,78330.17,78273.24,78295.92,18.40745,1441189.9765629
2026-04-24 00:15:00+00:00,78295.93,78366.64,78259.06,78360.28,17.31269,1355801.6898146
2026-04-24 00:20:00+00:00,78360.27,78473.84,78346.02,78346.03,173.23643,13582526.4506594
2026-04-24 00:25:00+00:00,78346.02,78440.23,78346.02,78407.99,65.98737,5172550.5534649
2026-04-24 00:30:00+00:00,78408.0,78470.0,78403.9,78443.83,15.53902,1218837.7393115
2026-04-24 00:35:00+00:00,78443.83,78490.83,78437.61,78458.7,15.39336,1207797.3307451
2026-04-24 00:40:00+00:00,78458.7,78458.71,78377.03,78383.67,14.92163,1169977.1158528
2026-04-24 00:45:00+00:00,78383.67,78473.29,78383.66,78450.01,8.80554,690698.1176259
2026-04-24 00:50:00+00:00,78450.0,78464.31,78378.58,78397.66,28.54321,2238491.7949322
2026-04-24 00:55:00+00:00,78397.67,78417.23,78326.28,78417.22,51.80247,4060154.7137841
2026-04-24 01:00:00+00:00,78417.22,78428.76,78250.0,78250.0,56.07667,4394375.7810993
2026-04-24 01:05:00+00:00,78250.0,78250.0,78076.09,78141.57,60.60762,4736492.3842763
2026-04-24 01:10:00+00:00,78141.56,78183.51,78136.79,78156.01,9.03015,705770.5135472
2026-04-24 01:15:00+00:00,78156.0,78182.29,78078.93,78078.94,15.14958,1183376.0389524
2026-04-24 01:20:00+00:00,78078.93,78084.07,77984.68,78036.85,121.81568,9504008.3910656
2026-04-24 01:25:00+00:00,78036.85,78084.07,78025.98,78025.99,23.53381,1836668.4205869
2026-04-24 01:30:00+00:00,78025.99,78061.18,77952.16,78040.04,36.91263,2879710.1816422
2026-04-24 01:35:00+00:00,78040.04,78130.21,78022.26,78099.2,10.78739,842196.907936
2026-04-24 01:40:00+00:00,78099.2,78141.97,78026.75,78051.46,7.58321,592126.668891
2026-04-24 01:45:00+00:00,78051.45,78287.23,78033.66,78287.23,29.92186,2339077.9016324
2026-04-24 01:50:00+00:00,78287.23,78450.0,78287.22,78396.15,141.09651,11061650.6754819
2026-04-24 01:55:00+00:00,78396.15,78449.67,78396.14,78429.73,21.33284,1673050.5051948
2026-04-24 02:00:00+00:00,78429.73,78581.93,78409.77,78418.8,100.83958,7912947.1224084
2026-04-24 02:05:00+00:00,78418.81,78422.56,78332.38,78347.1,35.81331,2806938.2876253
2026-04-24 02:10:00+00:00,78347.09,78418.88,78302.94,78392.0,26.63159,2086623.0407907
2026-04-24 02:15:00+00:00,78392.0,78401.35,78357.97,78357.97,9.8978,775760.2742087
2026-04-24 02:20:00+00:00,78357.98,78358.0,78267.68,78267.7,17.55185,1374366.6824965
2026-04-24 02:25:00+00:00,78267.7,78293.14,78250.0,78259.96,15.53342,1215771.1658272
2026-04-24 02:30:00+00:00,78259.97,78313.4,78258.68,78306.16,25.5129,1997275.6563548
2026-04-24 02:35:00+00:00,78306.17,78352.26,78276.2,78324.48,16.9941,1330962.7605446
2026-04-24 02:40:00+00:00,78324.48,78413.93,78308.02,78413.92,11.1388,872791.6807216
2026-04-24 02:45:00+00:00,78413.92,78431.72,78335.67,78372.59,43.77043,3430235.6929425
2026-04-24 02:50:00+00:00,78372.59,78378.03,78067.17,78146.01,94.67182,7403025.4108865
2026-04-24 02:55:00+00:00,78146.0,78167.67,78097.38,78125.65,27.20737,2125736.5664919
2026-04-24 03:00:00+00:00,78125.65,78165.24,78078.56,78137.54,21.84,1706515.9559433
2026-04-24 03:05:00+00:00,78137.54,78153.52,78093.35,78140.53,28.06196,2191886.3085809
2026-04-24 03:10:00+00:00,78140.52,78178.4,78106.08,78131.89,20.14668,1574338.7663282
2026-04-24 03:15:00+00:00,78131.89,78131.9,78028.71,78052.75,23.76697,1855451.5915824
2026-04-24 03:20:00+00:00,78052.75,78052.75,77667.99,77709.39,147.55646,11483746.9102652
2026-04-24 03:25:00+00:00,77709.4,77867.86,77709.4,77750.41,76.44929,5946428.6239333
2026-04-24 03:30:00+00:00,77750.41,77750.41,77555.0,77600.23,204.25152,15853351.3940597
2026-04-24 03:35:00+00:00,77600.23,77708.95,77600.22,77680.0,36.34743,2823140.2115946
2026-04-24 03:40:00+00:00,77679.99,77681.49,77609.33,77644.59,19.33641,1501347.1881066
2026-04-24 03:45:00+00:00,77644.6,77725.58,77636.5,77686.42,27.76719,2157310.4771161
2026-04-24 03:50:00+00:00,77686.42,77742.32,77672.54,77721.84,19.63392,1525850.5688485
2026-04-24 03:55:00+00:00,77721.85,77737.86,77702.0,77737.85,14.80203,1150445.665686
2026-04-24 04:00:00+00:00,77737.84,77737.85,77675.71,77690.91,39.04179,3033522.3241793
2026-04-24 04:05:00+00:00,77690.91,77738.22,77680.0,77680.0,142.77193,11094433.0530936
2026-04-24 04:10:00+00:00,77679.99,77740.0,77679.99,77726.08,29.47886,2290574.6360943
2026-04-24 04:15:00+00:00,77726.08,77763.34,77673.89,77757.21,137.92644,10720143.2225707
2026-04-24 04:20:00+00:00,77757.22,77854.57,77757.21,77830.01,33.72937,2624470.8508115
2026-04-24 04:25:00+00:00,77830.0,77830.0,77608.0,77613.28,40.94349,3181358.8545374
2026-04-24 04:30:00+00:00,77613.07,77665.94,77603.44,77603.45,23.67903,1838207.1481791
2026-04-24 04:35:00+00:00,77603.45,77665.94,77482.49,77576.0,65.5218,5082732.9391501
2026-04-24 04:40:00+00:00,77575.99,77653.17,77551.5,77653.17,22.19752,1722828.8870438
2026-04-24 04:45:00+00:00,77653.16,77750.0,77609.54,77735.27,25.2077,1958246.3536547
2026-04-24 04:50:00+00:00,77735.28,77735.28,77682.0,77682.01,30.58687,2376730.6947607
2026-04-24 04:55:00+00:00,77682.01,77697.81,77670.0,77670.0,14.05936,1092178.8836215
2026-04-24 05:00:00+00:00,77670.01,77695.68,77657.97,77665.77,13.478,1047030.1355434
2026-04-24 05:05:00+00:00,77665.77,77665.77,77600.0,77616.71,18.67119,1449325.7348039
2026-04-24 05:10:00+00:00,77616.71,77616.72,77557.59,77565.57,40.62477,3151538.0148357
2026-04-24 05:15:00+00:00,77565.57,77593.32,77457.0,77517.09,54.65267,4236265.7081307
2026-04-24 05:20:00+00:00,77517.09,77583.92,77502.29,77572.69,75.14928,5827721.1803349
2026-04-24 05:25:00+00:00,77572.69,77653.64,77572.69,77640.0,19.28905,1497137.8295974
2026-04-24 05:30:00+00:00,77640.0,77712.06,77640.0,77700.01,16.27672,1264647.0068843
2026-04-24 05:35:00+00:00,77700.01,77727.65,77673.53,77727.64,15.14459,1176722.599046
2026-04-24 05:40:00+00:00,77727.64,77758.83,77714.55,77714.55,17.20575,1337511.7659107
2026-04-24 05:45:00+00:00,77714.55,77796.54,77714.55,77796.54,22.45432,1746128.8089308
2026-04-24 05:50:00+00:00,77796.54,77868.38,77795.29,77795.29,24.26705,1888748.9455114
2026-04-24 05:55:00+00:00,77795.3,78057.65,77776.99,77953.48,106.45841,8297920.3974507
2026-04-24 06:00:00+00:00,77953.48,77979.54,77914.32,77926.39,19.64968,1531451.3564291
2026-04-24 06:05:00+00:00,77926.38,77935.08,77891.35,77935.08,12.47365,971886.4256948
2026-04-24 06:10:00+00:00,77935.07,77947.4,77903.42,77939.34,24.45905,1906097.5778922
2026-04-24 06:15:00+00:00,77939.35,77959.82,77913.09,77959.81,15.57266,1213620.8401119
2026-04-24 06:20:00+00:00,77959.81,77965.77,77886.12,77896.25,34.49712,2687958.1892527
2026-04-24 06:25:00+00:00,77896.25,77896.25,77816.26,77840.4,22.40035,1743628.7364107
2026-04-24 06:30:00+00:00,77840.4,77850.0,77771.99,77848.29,50.07351,3896065.9054304
2026-04-24 06:35:00+00:00,77848.29,77848.29,77761.2,77833.3,46.46442,3615275.0848393
2026-04-24 06:40:00+00:00,77833.3,77897.39,77817.49,77817.5,16.85373,1312335.5920567
2026-04-24 06:45:00+00:00,77817.5,77853.04,77800.0,77853.04,11.07705,861973.1130288
2026-04-24 06:50:00+00:00,77853.6,77915.83,77853.6,77875.01,8.69937,677560.3811903
2026-04-24 06:55:00+00:00,77875.0,77875.01,77782.96,77789.75,18.53277,1442113.3683134
2026-04-24 07:00:00+00:00,77789.75,77804.95,77770.46,77788.26,12.1138,942277.1923049
2026-04-24 07:05:00+00:00,77788.26,77855.67,77788.26,77808.42,17.80335,1385378.8324575
2026-04-24 07:10:00+00:00,77808.42,77839.03,77750.0,77761.16,38.49551,2994678.9240563
2026-04-24 07:15:00+00:00,77761.15,77780.2,77700.0,77704.11,25.18979,1958479.7673212
2026-04-24 07:20:00+00:00,77704.11,77706.39,77665.93,77665.94,15.0447,1168705.2709117
2026-04-24 07:25:00+00:00,77665.93,77720.32,77649.85,77720.32,37.40225,2905190.1296733
2026-04-24 07:30:00+00:00,77720.31,77735.04,77648.21,77655.31,51.92295,4033715.3193122
2026-04-24 07:35:00+00:00,77655.3,77663.54,77609.45,77660.41,117.67882,9135946.8701374
2026-04-24 07:40:00+00:00,77660.41,77675.24,77643.74,77644.64,58.03681,4506846.8283616
2026-04-24 07:45:00+00:00,77644.64,77719.24,77644.63,77706.5,72.60743,5641030.4059073
2026-04-24 07:50:00+00:00,77706.5,77730.03,77646.99,77661.55,139.6161,10849738.111475
2026-04-24 07:55:00+00:00,77661.55,77671.18,77543.52,77644.6,110.99515,8613899.4102065
2026-04-24 08:00:00+00:00,77644.59,77669.39,77574.77,77581.57,101.71911,7896434.380776
2026-04-24 08:05:00+00:00,77581.57,77660.02,77550.73,77648.0,110.15952,8549067.9684198
2026-04-24 08:10:00+00:00,77648.01,77699.41,77636.01,77694.88,21.58388,1676373.6719984
2026-04-24 08:15:00+00:00,77694.88,77885.68,77694.87,77841.55,68.349,5318283.7954787
2026-04-24 08:20:00+00:00,77841.55,78000.0,77789.99,77921.58,206.72807,16098813.9675673
2026-04-24 08:25:00+00:00,77921.58,77921.59,77854.13,77855.62,38.20313,2975389.2793925
2026-04-24 08:30:00+00:00,77855.62,77855.63,77776.88,77776.88,35.49734,2762617.9214482
2026-04-24 08:35:00+00:00,77776.89,77806.63,77747.81,77806.63,26.22575,2039680.7227197
2026-04-24 08:40:00+00:00,77806.63,77820.89,77731.37,77744.11,24.49717,1905152.4859548
2026-04-24 08:45:00+00:00,77744.12,77861.83,77744.11,77846.39,37.2041,2894904.7494201
2026-04-24 08:50:00+00:00,77846.4,77875.01,77818.21,77859.16,37.57067,2924859.0071428
2026-04-24 08:55:00+00:00,77859.15,77859.16,77776.01,77785.71,23.93725,1862751.3957161
2026-04-24 09:00:00+00:00,77785.7,77804.23,77674.23,77691.09,52.78988,4102338.1805043
2026-04-24 09:05:00+00:00,77691.08,77691.09,77402.01,77441.97,92.06987,7136439.820845
2026-04-24 09:10:00+00:00,77441.98,77508.0,77423.82,77508.0,101.45404,7860077.3706873
2026-04-24 09:15:00+00:00,77508.0,77608.42,77487.99,77561.41,45.55399,3533128.2382214
2026-04-24 09:20:00+00:00,77561.41,77561.41,77442.18,77496.28,45.27377,3508762.3093987
2026-04-24 09:25:00+00:00,77496.27,77530.97,77467.6,77500.01,40.6659,3151500.8943411
2026-04-24 09:30:00+00:00,77500.01,77538.85,77404.24,77482.55,75.58283,5855217.9962799
2026-04-24 09:35:00+00:00,77482.54,77568.76,77480.28,77536.19,38.15684,2958107.2402364
2026-04-24 09:40:00+00:00,77536.19,77581.5,77536.18,77581.49,24.0437,1864794.4392338
2026-04-24 09:45:00+00:00,77581.49,77581.5,77484.63,77508.96,22.44677,1740307.5212678
2026-04-24 09:50:00+00:00,77508.96,77572.58,77468.28,77572.58,40.58959,3145839.0945417
2026-04-24 09:55:00+00:00,77572.58,77572.58,77504.11,77527.69,42.47057,3292712.6376237
2026-04-24 10:00:00+00:00,77527.7,77531.84,77462.0,77507.38,25.97083,2012480.3535113
2026-04-24 10:05:00+00:00,77507.39,77511.65,77444.95,77511.64,28.83937,2234259.051215
2026-04-24 10:10:00+00:00,77511.64,77528.22,77472.35,77510.65,31.70693,2457144.0793281
2026-04-24 10:15:00+00:00,77510.66,77597.99,77510.65,77574.01,29.76558,2308525.8420642
2026-04-24 10:20:00+00:00,77574.0,77657.36,77559.71,77657.36,51.80786,4019979.3868408
2026-04-24 10:25:00+00:00,77657.35,77759.25,77657.35,77685.16,26.60161,2067160.7286168
2026-04-24 10:30:00+00:00,77685.15,77685.16,77625.15,77638.33,24.63257,1912932.6973021
2026-04-24 10:35:00+00:00,77638.33,77705.43,77636.62,77646.87,17.31048,1344620.5029764
2026-04-24 10:40:00+00:00,77646.87,77668.95,77627.54,77653.63,32.29391,2507823.9602226
2026-04-24 10:45:00+00:00,77653.63,77733.85,77613.7,77682.21,26.41302,2052130.4905777
2026-04-24 10:50:00+00:00,77682.22,77713.67,77667.28,77713.67,23.72893,1843360.4623044
2026-04-24 10:55:00+00:00,77713.67,77784.0,77713.23,77752.36,60.92093,4736678.3892245
2026-04-24 11:00:00+00:00,77752.37,78025.0,77752.37,77954.01,357.49316,27856038.6797331
2026-04-24 11:05:00+00:00,77954.01,78296.23,77931.03,78115.29,256.27516,20027459.6139951
2026-04-24 11:10:00+00:00,78115.3,78234.89,78115.29,78217.83,50.1385,3919075.6757582
2026-04-24 11:15:00+00:00,78217.82,78229.45,78104.01,78110.53,35.27299,2757018.8965018
2026-04-24 11:20:00+00:00,78110.54,78311.0,78100.0,78254.92,177.89948,13919442.4158779
2026-04-24 11:25:00+00:00,78254.92,78324.03,78188.6,78324.02,55.37558,4333756.1422912
2026-04-24 11:30:00+00:00,78324.02,78372.58,78272.21,78371.3,70.82602,5547960.9662928
2026-04-24 11:35:00+00:00,78371.3,78371.3,78223.11,78280.16,45.73982,3580836.710584
2026-04-24 11:40:00+00:00,78280.16,78324.67,78268.94,78295.33,25.46313,1993736.9140069
2026-04-24 11:45:00+00:00,78295.34,78295.34,78192.12,78230.74,35.28747,2760879.3309473
2026-04-24 11:50:00+00:00,78230.74,78243.24,78204.51,78204.52,53.67639,4199056.0734122
2026-04-24 11:55:00+00:00,78204.52,78260.14,78172.65,78240.26,22.91294,1792170.1227204
2026-04-24 12:00:00+00:00,78240.27,78312.69,78222.94,78223.46,92.60325,7246491.0081639
2026-04-24 12:05:00+00:00,78223.47,78262.4,78176.11,78220.76,29.21097,2284648.6237005
2026-04-24 12:10:00+00:00,78220.76,78325.83,78220.75,78318.41,35.0384,2742746.9189976
2026-04-24 12:15:00+00:00,78318.41,78341.08,78220.75,78274.46,36.48928,2856752.7085567
2026-04-24 12:20:00+00:00,78274.46,78345.15,78187.61,78342.93,32.35564,2531738.7058038
2026-04-24 12:25:00+00:00,78342.92,78342.92,78242.17,78268.9,22.22358,1740028.6422161
2026-04-24 12:30:00+00:00,78268.91,78271.91,78182.77,78203.38,28.46084,2226686.0281718
2026-04-24 12:35:00+00:00,78203.38,78253.99,78168.0,78200.0,27.66238,2163348.3838573
2026-04-24 12:40:00+00:00,78199.99,78284.22,78182.3,78189.1,59.73081,4674063.3285145
2026-04-24 12:45:00+00:00,78189.09,78274.28,78130.0,78130.64,111.60689,8727095.233891
2026-04-24 12:50:00+00:00,78131.05,78142.65,78016.51,78038.0,73.68469,5752002.2444935
2026-04-24 12:55:00+00:00,78038.01,78275.66,78038.0,78275.66,30.33362,2369783.9248946
2026-04-24 13:00:00+00:00,78275.65,78415.32,78275.65,78368.01,56.29722,4411406.8935533
2026-04-24 13:05:00+00:00,78368.01,78419.33,78350.0,78381.52,57.16554,4480784.9103823
2026-04-24 13:10:00+00:00,78381.52,78479.37,78338.68,78357.99,71.55631,5610761.2581883
2026-04-24 13:15:00+00:00,78357.99,78399.0,78290.98,78399.0,31.11527,2437585.0667446
2026-04-24 13:20:00+00:00,78398.99,78399.0,78230.0,78245.54,76.39783,5983371.8600142
2026-04-24 13:25:00+00:00,78245.53,78245.53,78146.62,78167.89,40.15902,3140076.8619099
2026-04-24 13:30:00+00:00,78167.89,78293.14,78053.3,78250.59,116.05315,9067640.7996095
2026-04-24 13:35:00+00:00,78250.58,78287.18,78107.41,78247.69,143.26883,11205828.1369516
2026-04-24 13:40:00+00:00,78247.69,78276.0,78098.67,78184.67,51.27027,4008652.348955
2026-04-24 13:45:00+00:00,78184.68,78242.3,78044.22,78105.01,67.87126,5302863.4517275
2026-04-24 13:50:00+00:00,78105.0,78121.96,77985.93,78004.95,87.36996,6818585.3733949
2026-04-24 13:55:00+00:00,78004.94,78107.62,77913.27,78093.79,54.44382,4246844.5632116
2026-04-24 14:00:00+00:00,78093.8,78093.8,77800.0,77897.92,75.71964,5899782.4615775
2026-04-24 14:05:00+00:00,77897.93,77999.99,77800.0,77964.41,81.10612,6315491.7093926
2026-04-24 14:10:00+00:00,77964.41,78068.77,77856.0,77875.01,67.11723,5232064.9279867
2026-04-24 14:15:00+00:00,77875.0,78019.97,77858.0,77960.46,47.90906,3733710.8155693
2026-04-24 14:20:00+00:00,77960.46,78000.0,77870.11,77874.01,52.29108,4074593.9928345
2026-04-24 14:25:00+00:00,77874.01,77874.01,77688.0,77702.14,68.37702,5316863.3737886
2026-04-24 14:30:00+00:00,77702.15,77854.0,77681.74,77840.58,58.28307,4532948.0286958
2026-04-24 14:35:00+00:00,77840.58,77994.14,77829.57,77978.0,57.00213,4440507.2622321
2026-04-24 14:40:00+00:00,77978.01,78007.88,77895.73,77971.12,121.99197,9510786.0833407
2026-04-24 14:45:00+00:00,77971.11,78056.11,77875.63,77926.19,57.09139,4451977.2508419
2026-04-24 14:50:00+00:00,77926.19,78006.96,77905.68,78006.96,34.07868,2656280.592319
2026-04-24 14:55:00+00:00,78006.96,78056.34,77990.49,78037.64,34.75777,2712070.1879244
2026-04-24 15:00:00+00:00,78037.65,78037.65,77850.0,77850.0,36.36155,2833071.8962185
2026-04-24 15:05:00+00:00,77850.0,77850.0,77577.22,77632.04,118.24238,9183895.3180416
2026-04-24 15:10:00+00:00,77632.03,77779.03,77626.11,77727.71,41.85678,3252586.1475142
2026-04-24 15:15:00+00:00,77727.72,77796.91,77683.3,77704.53,35.6173,2768766.6924426
2026-04-24 15:20:00+00:00,77704.52,77770.47,77704.52,77768.51,26.00261,2021295.3888774
